代碼,商品,產業,所有細產業
1101,台泥,上市水泥,"水泥,水泥製品,預拌混凝土,電力,汽電共生"
1102,亞泥,上市水泥,"水泥,預拌混凝土,高爐水泥,電力,汽電共生"
1103,嘉泥,上市水泥,"水泥,貨櫃場服務,運輸事業,地產,物業投資發展,旅宿／餐飲,飯店"
1104,環泥,上市水泥,"水泥,水泥製品,預拌混凝土"
1108,幸福,上市水泥,"水泥,預拌混凝土,高爐水泥"
1109,信大,上市水泥,"水泥,預拌混凝土,高爐水泥"
1110,東泥,上市水泥,"水泥,高爐水泥"
1201,味全,上市食品,"非酒精飲料,乳製品,食品加工,飲料相關"
1203,味王,上市食品,"速食麵,調味品,食品加工,罐頭業,調理食品,資產股"
1210,大成,上市食品,"農林漁牧,飼料,食品加工,大宗物資,肉品加工"
1213,大飲,上市食品,"非酒精飲料,飲料相關"
1215,卜蜂,上市食品,"農林漁牧,飼料,食品加工,肉品加工"
1216,統一,上市食品,"速食麵,非酒精飲料,乳製品,食品加工,穀類烘焙製品,飲料相關"
1217,愛之味,上市食品,"非酒精飲料,乳製品,食品加工,罐頭業,飲料相關"
1218,泰山,上市食品,"非酒精飲料,大宗物資,油脂,飲料相關"
1219,福壽,上市食品,"農林漁牧,飼料,食品加工,大宗物資,油脂,寵物食品"
1220,台榮,上市食品,"流通業,食品飲料相關通路,農林漁牧,飼料,製糖,食品加工,大宗物資,磨粉製品"
1225,福懋油,上市食品,"農林漁牧,飼料,大宗物資,麵粉,油脂"
1227,佳格,上市食品,"乳製品,食品加工,大宗物資,油脂,保健食品,穀類烘焙製品"
1229,聯華,上市食品,"大宗物資,麵粉,系統整合,軟體業"
1231,聯華食,上市食品,"食品加工,穀類烘焙製品,調理食品,餅乾製品"
1232,大統益,上市食品,"食品加工,大宗物資,油脂,磨粉製品"
1233,天仁,上市食品,"食品加工,茶葉相關,旅宿／餐飲,餐飲,連鎖飲料"
1234,黑松,上市食品,"流通業,食品飲料相關通路,非酒精飲料,飲料相關,資產股"
1235,興泰,上市食品,"農林漁牧,飼料"
1236,宏亞,上市食品,"食品加工,可可製品,餅乾製品"
1256,鮮活果汁-KY,上市食品,"非酒精飲料,飲料相關"
1702,南僑,上市食品,"食品加工,大宗物資,油脂,麵製品相關,冷凍麵團,控股公司,資產股"
1737,臺鹽,上市食品,"生物科技,食品生技,非酒精飲料,大宗物資,飲料相關,製鹽業,時尚產業,美妝保養品"
7780,大研生醫*,上市食品,"生物科技,食品生技"
7791,皇家可口,上市食品,"乳製品,食品加工,麵製品相關"
1264,德麥,上櫃食品,"流通業,食品飲料相關通路,食品加工,穀類烘焙製品,磨粉製品"
1294,漢田生技,上櫃食品,"生物科技,食品生技"
1295,生合,上櫃食品,"生物科技,食品生技"
1780,立弘,上櫃食品,"醫藥產業,維生素"
1796,金穎生技,上櫃食品,"生物科技,食品生技"
4205,中華食,上櫃食品,食品加工
4207,環泰,上櫃食品,"製糖,食品加工,大宗物資,食品添加劑"
6846,綠茵,上櫃食品,"生物科技,食品生技"
7743,金利食安,上櫃食品,"非酒精飲料,飲料相關"
1301,台塑,上市塑膠,"合成樹脂,鹼業,化學工業,其他化工產品,PVC,PE,PP,塑化原料,EVA,AN,化纖原料"
1303,南亞,上市塑膠,"合成樹脂,丁二醇,化學工業,DOP,塑膠皮布,塑膠加工,PA,塑化原料,塑化製品,化學纖維,聚酯絲,聚酯棉,聚酯粒,化纖原料,EG,玻纖布,印刷電路板,銅箔基板,銅箔,印刷電路板相關"
1304,台聚,上市塑膠,"PE,ABS,PS,塑化原料,EVA"
1305,華夏,上市塑膠,"PVC,塑膠皮布,塑膠加工,塑化原料,塑化製品"
1307,三芳,上市塑膠,"塑膠皮布,塑化製品,傳產其他,鞋材"
1308,亞聚,上市塑膠,"PE,塑化原料,EVA"
1309,台達化,上市塑膠,"ABS,PS,塑化原料"
1310,台苯,上市塑膠,"SM,塑化原料"
1312,國喬,上市塑膠,"SM,ABS,塑化原料"
1313,聯成,上市塑膠,"PVC,DOP,塑化原料"
1314,中石化,上市塑膠,"AN,化學纖維,尼龍粒,化纖原料,CPL,資產股"
1315,達新,上市塑膠,"塑膠加工,塑化製品,建材,複合板,成衣,成衣製造,資產股"
1321,大洋,上市塑膠,"PVC,塑膠皮布,塑膠加工,塑化原料,塑化製品,資產股"
1323,永裕,上市塑膠,"塑膠加工,塑化製品"
1324,地球,上市塑膠,"膠帶,化學工業"
1325,恆大,上市塑膠,"不織布,工業紡織品"
1326,台化,上市塑膠,"二甲基甲醯胺(DMF),酚,化學工業,其他化工產品,芳香烴,SM,ABS,PS,PP,塑化原料,化學纖維,尼龍粒,尼龍加工絲,尼龍絲,化纖原料,PTA,粘膠"
1337,再生-KY,上市塑膠,"塑膠加工,塑化原料,塑化製品,EVA"
1340,勝悅-KY,上市塑膠,"地產,物業投資發展,旅宿／餐飲,飯店"
1341,富林-KY,上市塑膠,"塑膠皮布,塑化製品"
4306,炎洲,上市塑膠,"膠帶,化學工業,塑膠加工,塑化製品"
4303,信立,上櫃塑膠,"塑膠皮布,塑化製品"
4304,勝昱,上櫃塑膠,"膠帶,化學工業,塑膠加工,塑化製品,其他電子零件,電子零件元件"
4305,世坤,上櫃塑膠,"塑膠皮布,塑化製品"
9950,萬國通,上櫃塑膠,"傳產其他,手提箱"
1402,遠東新,上市紡織纖維,"家居用品,寢具,化學纖維,聚酯絲,聚酯加工絲,聚酯棉,聚酯粒,化纖原料,PTA,成衣,成衣製造,成衣銷售/零售,織布業,棉紡業,紡紗,控股公司,資產股"
1409,新纖,上市紡織纖維,"塑膠加工,塑化製品,化學纖維,聚酯絲,聚酯粒,資產股"
1410,南染,上市紡織纖維,"IC封裝測試,地產,物業投資發展"
1413,宏洲,上市紡織纖維,"化學纖維,聚酯絲,聚酯粒"
1414,東和,上市紡織纖維,"混紡紗,紡紗,資產股,地產,物業投資發展"
1417,嘉裕,上市紡織纖維,"成衣,成衣製造,成衣銷售/零售"
1418,東華,上市紡織纖維,"化學纖維,亞克力棉"
1419,新紡,上市紡織纖維,"成衣,成衣銷售/零售,織布業,資產股,地產,物業投資發展"
1423,利華,上市紡織纖維,"毛紡,紡紗,資產股"
1434,福懋,上市紡織纖維,"加油站,其他公用事業,尼龍製品,尼龍塔夫塔布,工業紡織品"
1440,南紡,上市紡織纖維,"化學纖維,聚酯絲,聚酯棉,聚酯粒,化纖原料,棉紡業,紡紗,資產股"
1441,大東,上市紡織纖維,"織布業,棉紡業,紡紗,資產股"
1444,力麗,上市紡織纖維,"化學纖維,聚酯加工絲,聚酯粒"
1445,大宇,上市紡織纖維,"化學纖維,聚酯加工絲,織布業"
1446,宏和,上市紡織纖維,"織布業,資產股,營建,地產"
1447,力鵬,上市紡織纖維,"化學纖維,尼龍粒,織布業"
1449,佳和,上市紡織纖維,"織布業,營建,地產"
1451,年興,上市紡織纖維,"成衣,成衣製造,織布業"
1452,宏益,上市紡織纖維,"化學纖維,聚酯加工絲"
1454,台富,上市紡織纖維,"化學纖維,聚酯加工絲,織布業"
1455,集盛,上市紡織纖維,"化學纖維,尼龍粒,尼龍加工絲,尼龍絲"
1457,宜進,上市紡織纖維,"化學纖維,聚酯絲,聚酯加工絲,織布業,資產股"
1459,聯發,上市紡織纖維,"化學纖維,聚酯加工絲"
1460,宏遠,上市紡織纖維,織布業
1463,強盛新,上市紡織纖維,"染整,織布業,營建,地產"
1464,得力,上市紡織纖維,織布業
1465,偉全,上市紡織纖維,織布業
1466,聚隆,上市紡織纖維,"化學纖維,聚酯加工絲,尼龍加工絲,尼龍絲,加工絲"
1467,南緯,上市紡織纖維,"成衣,成衣製造,織布業,資產股"
1468,昶和,上市紡織纖維,"織布業,棉紡業,紡紗"
1470,大統新創,上市紡織纖維,"染整,織布業"
1473,台南,上市紡織纖維,"成衣,成衣製造"
1474,弘裕,上市紡織纖維,"織布業,工業紡織品"
1475,業旺,上市紡織纖維,"染料，顏料,化學工業"
1476,儒鴻,上市紡織纖維,"成衣,成衣製造,織布業"
1477,聚陽,上市紡織纖維,"成衣,成衣製造"
4414,如興,上市紡織纖維,"成衣,成衣製造"
4426,利勤,上市紡織纖維,"織布業,傳產其他,鞋材"
4438,廣越,上市紡織纖維,"成衣,成衣製造,羽絨加工,紡紗"
4439,冠星-KY,上市紡織纖維,織布業
4440,宜新實業,上市紡織纖維,"化學纖維,加工絲,聚酯紗,紡紗"
4441,振大環球,上市紡織纖維,"成衣,成衣製造"
4401,東隆興,上櫃紡織纖維,"化學纖維,尼龍絲,聚酯紗,紡紗"
4402,郡都開發,上櫃紡織纖維,"織布業,太陽能,太陽能系統運用"
4406,新昕纖,上櫃紡織纖維,"化學纖維,聚酯加工絲"
4413,飛寶企業,上櫃紡織纖維,"成衣,成衣製造,織布業"
4417,金洲,上櫃紡織纖維,"魚網,工業紡織品"
4420,光明,上櫃紡織纖維,"化學纖維,聚酯加工絲"
4432,銘旺實,上櫃紡織纖維,"成衣,成衣製造"
4433,興采,上櫃紡織纖維,"成衣,成衣製造,織布業"
4442,竣邦-KY,上櫃紡織纖維,織布業
6506,雙邦,上櫃紡織纖維,"PU樹脂,化學工業,其他化工產品,織布業"
1503,士電,上市電機機械,"汽機車零組件,引擎相關,資產股,設備儀器商,電機,重電設備,電氣零件與設備,變電設備,電氣開關設備,智慧電網相關,車用充電相關,配電盤,充電樁,電力設備"
1504,東元,上市電機機械,"資產股,小家電,電冰箱,洗衣機,冷氣機,家電,液晶電視,電機,重電設備,配電工程,變頻器,自動化設備,產業機械,電力設備"
1506,正道,上市電機機械,"汽機車零組件,車用鍛件,木床/車架,引擎相關,活塞,轉向系統,懸吊系統,車用金屬成型,家居用品,傢俱"
1513,中興電,上市電機機械,"其他公用事業,停車場,電機,重電設備,輸配電設備,電氣開關設備,智慧電網相關,配電工程,空調製冷,產業機械,電力設備"
1514,亞力,上市電機機械,"電機,電氣零件與設備,變電設備,配電工程,配電盤,電力設備"
1515,力山,上市電機機械,"健身器材,運動產業,木工機械,手工具,產業機械"
1517,利奇,上市電機機械,"自行車零件,產業機械"
1519,華城,上市電機機械,"變電設備,配電盤,電力設備"
1526,日馳,上市電機機械,"自行車零件,產業機械"
1527,鑽全,上市電機機械,"電動工具,自行車零件,產業機械"
1528,恩德,上市電機機械,"流通業,家居相關用品通路,雷射鑽孔機、鑽頭,印刷電路板相關,工具機,木工機械,產業機械"
1529,樂事綠能,上市電機機械,"電力公共事業,配電工程,配電盤,電力設備"
1530,亞崴,上市電機機械,"工具機,龍門機"
1531,高林股,上市電機機械,"工業用縫紉機,產業機械"
1532,勤美,上市電機機械,"汽機車零組件,車用鑄件,引擎相關,傳動系統,剎車系統,車用金屬成型,資產股,機械零組件,營建,地產"
1535,中宇,上市電機機械,"水資源,污水處理,配電工程,電力設備,其他營造工程,營造工程,工程顧問,環保工程"
1537,廣隆,上市電機機械,"工業用電池,電池,鉛酸蓄電池"
1538,正峰,上市電機機械,"車燈,汽機車零組件,電動工具,產業機械"
1539,巨庭,上市電機機械,"木工機械,產業機械"
1540,喬福,上市電機機械,"工具機,龍門機,車床"
1541,錩泰,上市電機機械,"木工機械,電動工具,產業機械"
1558,伸興,上市電機機械,"傳產其他,金屬加工/製品,家用縫紉機,產業機械"
1560,中砂,上市電機機械,"矽晶圓,IC製造,磨料磨具,產業機械"
1583,程泰,上市電機機械,"工具機,車床,磨床,工具機主軸"
1590,亞德客-KY,上市電機機械,"機械零組件,氣動元件"
1597,直得,上市電機機械,"機械零組件,滑軌"
2049,上銀,上市電機機械,"機械零組件,機器人,機器手臂,滑軌"
2371,大同,上市電機機械,"資產股,系統整合,電子元件代理商,電子通路,軟體業,小家電,冷氣機,家電,電線電纜,液晶電視,電機,重電設備,變電設備,電氣開關設備,智慧電網相關,車用充電相關,配電工程,配電盤,變頻器,充電樁,電力設備"
3167,大量,上市電機機械,"雷射鑽孔機、鑽頭,PCB相關設備,印刷電路板相關,設備儀器商"
4526,東台,上市電機機械,"雷射鑽孔機、鑽頭,印刷電路板相關,工具機,車床,工具機主軸"
4532,瑞智,上市電機機械,"壓縮機,產業機械"
4540,全球傳動,上市電機機械,"機械零組件,滑軌"
4552,力達-KY,上市電機機械,"壓縮機,產業機械"
4555,氣立,上市電機機械,"機械零組件,氣動元件"
4560,強信-KY,上市電機機械,"工業用縫紉機,產業機械"
4562,穎漢,上市電機機械,"工具機,機器人,機器手臂"
4564,元翎,上市電機機械,"汽車內裝,安全氣囊,傳產其他,金屬加工/製品"
4566,時碩工業,上市電機機械,"汽機車零組件,傳產其他,金屬加工/製品"
4571,鈞興-KY,上市電機機械,"機械零組件,減速機"
4572,駐龍,上市電機機械,"航天軍工,航天機械零組件,機械零組件,飛機零件/製造"
4576,大銀微系統,上市電機機械,"機械零組件,氣動元件"
4583,台灣精銳,上市電機機械,"機械零組件,減速機"
5288,豐祥-KY,上市電機機械,"汽機車零組件,木床/車架,車用金屬成型,車用沖壓件,機車零組件"
6606,建德工業,上市電機機械,"工具機,龍門機,磨床"
7750,新代,上市電機機械,"工具機,工具機控制器,工具機主軸"
8222,寶一,上市電機機械,"航天軍工,航天機械零組件,機械零組件,飛機零件/製造"
8374,羅昇,上市電機機械,"變頻器,機械零組件,自動化設備,產業機械,電力設備"
8996,高力,上市電機機械,"傳產其他,金屬加工/製品"
1570,力肯,上櫃電機機械,"電動工具,產業機械"
1580,新麥,上櫃電機機械,"烘焙及食品飲料機械,產業機械"
1586,和勤,上櫃電機機械,"汽機車零組件,車用金屬成型,車用沖壓件,模具沖壓,電子零件元件"
1591,駿吉-KY,上櫃電機機械,"螺絲螺帽,線材盤元"
1599,宏佳騰,上櫃電機機械,"電動機車,機車,沙灘車,車輛整車"
2066,世德,上櫃電機機械,"螺絲螺帽,線材盤元"
2070,精湛,上櫃電機機械,設備儀器商
2235,謚源,上櫃電機機械,"汽機車零組件,汽車空調,汽車內裝,車用冷卻系統"
3162,精確,上櫃電機機械,汽機車零組件
3226,龍鋒,上櫃電機機械,"車燈,汽機車零組件"
3379,彬台,上櫃電機機械,"烘焙及食品飲料機械,產業機械"
3685,元創精密,上櫃電機機械,汽機車零組件
4502,健信,上櫃電機機械,"汽機車零組件,輪圈"
4503,金雨,上櫃電機機械,"工業電腦,POS機系統,自動販賣機,車用充電相關,電力設備"
4506,崇友,上櫃電機機械,"電梯,建材"
4510,高鋒,上櫃電機機械,"工具機,龍門機,銑床"
4513,福裕,上櫃電機機械,"工具機,龍門機,車床,磨床"
4523,永彰,上櫃電機機械,"汽機車零組件,汽車空調,汽車內裝,車用冷卻系統,電機,電氣開關設備,電力設備"
4527,方土霖,上櫃電機機械,"空調製冷,產業機械"
4528,江興鍛,上櫃電機機械,"汽機車零組件,車用鍛件,木床/車架,傳動系統,懸吊系統,車用金屬成型"
4533,協易機,上櫃電機機械,"工具機,沖床"
4534,慶騰,上櫃電機機械,"傳產其他,金屬加工/製品"
4535,至興,上櫃電機機械,"汽機車零組件,汽車內裝,汽車座椅,剎車系統"
4538,大詠城,上櫃電機機械,機械零組件
4543,萬在,上櫃電機機械,"汽機車零組件,汽車空調,汽車內裝,車用冷卻系統"
4549,桓達,上櫃電機機械,"自動化設備,產業機械"
4550,長佳,上櫃電機機械,"配電工程,電力設備,水電消防工程,營造工程,休閒娛樂,俱樂部"
4558,寶緯,上櫃電機機械,"建材,金屬建材,非鐵金屬,鋁擠型"
4561,健椿,上櫃電機機械,"工具機,工具機主軸"
4563,百德,上櫃電機機械,工具機
4568,科際精密,上櫃電機機械,"家電零組件,家電,幫浦,產業機械"
4580,捷流閥業,上櫃電機機械,"機械零組件,工業閥門"
4584,君帆,上櫃電機機械,"機械零組件,液壓元件"
5381,光譜,上櫃電機機械,"PCB材料,印刷電路板相關,變電設備,電力設備"
6122,擎邦,上櫃電機機械,"配電工程,電力設備,基礎建設,水電消防工程,營造工程,工程顧問"
6125,廣運,上櫃電機機械,"設備儀器商,電子製造服務,電腦系統業,自動化設備,產業機械"
6425,易發,上櫃電機機械,"半導體製程設備,IC檢測設備,設備儀器商,面板設備,其他產業機械,產業機械"
6603,富強鑫,上櫃電機機械,"塑膠機械,產業機械"
6604,儒億,上櫃電機機械,"車燈,汽機車零組件"
6609,瀧澤科,上櫃電機機械,"工具機,車床"
6843,進典,上櫃電機機械,"機械零組件,工業閥門"
6982,大井泵浦,上櫃電機機械,"幫浦,產業機械"
7642,昶瑞機電,上櫃電機機械,家電
7709,榮田,上櫃電機機械,"工具機,龍門機,車床,銑床"
7718,友鋮,上櫃電機機械,"螺絲螺帽,線材盤元"
8027,鈦昇,上櫃電機機械,"其他電子零件,電子零件元件,半導體製程設備,設備儀器商,封測用設備"
8083,瑞穎,上櫃電機機械,"機械零組件,軸承"
8107,大億金茂,上櫃電機機械,汽機車零組件
8255,朋程,上櫃電機機械,"車用電子,分離式元件,二極體"
9951,皇田,上櫃電機機械,汽車內裝
1603,華電,上市電器電纜,"建材,金屬建材,電線電纜,電力電纜"
1604,聲寶,上市電器電纜,"資產股,運輸事業,物流業,顯示器,小家電,電冰箱,冷氣機,家電,液晶電視"
1605,華新,上市電器電纜,"電線電纜,電力電纜,不鏽鋼"
1608,華榮,上市電器電纜,"電線電纜,裸銅線,電力電纜,非鐵金屬,銅"
1609,大亞,上市電器電纜,"電線電纜,漆包線,裸銅線,電力電纜"
1611,中電,上市電器電纜,"LED,LED照明產品,照明,家電"
1612,宏泰,上市電器電纜,"電線電纜,電力電纜"
1614,三洋電,上市電器電纜,"資產股,小家電,電冰箱,洗衣機,冷氣機,家電,液晶電視"
1615,大山,上市電器電纜,"電線電纜,電力電纜"
1616,億泰,上市電器電纜,"電線電纜,電力電纜"
1617,榮星,上市電器電纜,"電線電纜,漆包線"
1618,合機,上市電器電纜,"電線電纜,電力電纜"
1623,大東電,上市電器電纜,"電線電纜,電力電纜"
1626,艾美特-KY,上市電器電纜,"小家電,家電"
4930,燦星網,上市電器電纜,"小家電,家電"
5283,禾聯碩,上市電器電纜,"顯示器,LCD顯示器,冷氣機,家電"
2061,風青,上櫃電器電纜,"電線電纜,漆包線"
1708,東鹼,上市化工,"肥料,化學產品通路,化學工業,散裝航運,運輸事業"
1709,和益,上市化工,"烷基苯,合成樹脂,酚,化學工業"
1710,東聯,上市化工,"化學工業,其他化工產品,化纖原料,EG"
1711,永光,上市化工,"染料，顏料,化學工業,其他化工產品,光阻劑,半導體化學品"
1712,興農,上市化工,"農藥,化學工業,流通業,連鎖超市"
1713,國化,上市化工,"保險粉,化學工業,其他化工產品"
1714,和桐,上市化工,"正烷屬烴,化學工業,其他化工產品"
1717,長興,上市化工,"合成樹脂,化學工業,半導體化學品"
1718,中纖,上市化工,"化學工業,其他化工產品,化學纖維,聚酯絲,聚酯加工絲,化纖原料,EG"
1721,國慶科技,上市化工,"PU樹脂,化學工業,其他化工產品"
1722,台肥,上市化工,"肥料,化學工業,其他化工產品,資產股,營建,地產"
1723,中碳,上市化工,"煤化工,化學工業"
1725,元禎,上市化工,"化學產品通路,化學工業,石油及天然氣,油品儲運/分銷"
1726,永記,上市化工,"化學工業,塗料"
1727,中華化,上市化工,"染料，顏料,強酸產品,化學工業,其他化工產品,半導體化學品"
1730,花仙子,上市化工,"衛生清潔用品,化學工業"
1732,毛寶,上市化工,"衛生清潔用品,化學工業"
1735,日勝化,上市化工,"PU樹脂,化學工業,其他化工產品"
1773,勝一,上市化工,"溶劑,化學產品通路,化學工業,其他化工產品"
1776,展宇,上市化工,"PU樹脂,化學工業,其他化工產品"
4720,德淵,上市化工,"熱熔膠,化學工業"
4722,國精化,上市化工,"合成樹脂,化學工業"
4739,康普,上市化工,"電池材料相關,強酸產品,正極材料,化學工業,其他化工產品"
4755,三福化,上市化工,"化學工業,其他化工產品,研磨液／墊,半導體化學品"
4763,材料*-KY,上市化工,"化學纖維,半合成纖維"
4764,雙鍵,上市化工,"合成樹脂,化學工業,其他化工產品"
4766,南寶,上市化工,"合成樹脂,熱熔膠,化學工業,其他化工產品,塗料"
4770,上品,上市化工,"合成樹脂,化學工業,傳產其他,金屬加工/製品"
1742,台蠟,上櫃化工,"石蠟,化學工業,食品加工,水產品加工"
3430,奇鈦科,上櫃化工,"化學工業,其他化工產品"
4706,大恭,上櫃化工,"染料，顏料,化學工業"
4707,磐亞,上櫃化工,"衛生清潔用品,化學工業,其他化工產品"
4711,永純,上櫃化工,"合成樹脂,化學工業"
4714,永捷,上櫃化工,"PU樹脂,化學工業"
4716,大立,上櫃化工,"合成樹脂,化學工業"
4721,美琪瑪,上櫃化工,"電池材料相關,化學產品通路,正極材料,化學工業,其他化工產品"
4741,泓瀚,上櫃化工,"染料，顏料,化學工業"
4754,國碳科,上櫃化工,"化學工業,塗料,耐火材料,傳產其他"
4767,誠泰科技,上櫃化工,"熱熔膠,化學工業"
4768,晶呈科技,上櫃化工,"工業氣體,化學工業"
4772,台特化,上櫃化工,"工業氣體,化學工業"
6509,聚和,上櫃化工,"化學工業,其他化工產品,傳產其他,文具"
1707,葡萄王,上市生技醫療,"生物科技,食品生技,食品加工,保健食品"
1720,生達,上市生技醫療,"醫藥產業,生物科技,西藥製劑,學名藥,食品生技"
1731,美吾華,上市生技醫療,"衛生清潔用品,化學工業,醫藥流通"
1733,五鼎,上市生技醫療,"血糖儀,體外診斷用醫材,檢驗試劑／紙"
1734,杏輝,上市生技醫療,"醫藥產業,生物科技,西藥製劑,學名藥,食品生技"
1752,南光,上市生技醫療,"醫藥產業,西藥製劑,學名藥"
1760,寶齡富錦,上市生技醫療,"醫藥產業,生物科技,西藥製劑,新藥研發,學名藥,專利藥,食品生技,體外診斷用醫材,檢驗試劑／紙,時尚產業,美妝保養品"
1762,中化生,上市生技醫療,"醫藥產業,原料藥"
1783,和康生,上市生技醫療,"醫用植入材料,輔助與彌補用醫材,時尚產業,美妝保養品"
1786,科妍,上市生技醫療,"醫用植入材料,輔助與彌補用醫材"
1789,神隆,上市生技醫療,"醫藥產業,西藥製劑,原料藥"
1795,美時,上市生技醫療,"醫藥產業,西藥製劑,學名藥"
3164,景岳,上市生技醫療,"衛生清潔用品,化學工業,生物科技,食品生技"
3705,永信,上市生技醫療,"醫藥產業,生物科技,西藥製劑,學名藥,動物用藥,食品生技,獸醫相關,控股公司"
3716,中化控股,上市生技醫療,"醫藥產業,西藥製劑,學名藥,醫療器材通路,醫藥流通"
4104,佳醫,上市生技醫療,"醫療器材通路,醫療服務,醫療耗材,洗腎器具,醫藥流通,手術與治療用醫材,其他醫療器材"
4106,雃博,上市生技醫療,"福祉輔助設備,手術與治療用醫材,物理治療器具,呼吸與麻醉用器具,輔助與彌補用醫材"
4108,懷特,上市生技醫療,"醫藥產業,生物科技,中藥製劑,新藥研發,植物新藥,食品生技"
4119,旭富,上市生技醫療,"醫藥產業,原料藥"
4133,亞諾法,上市生技醫療,"醫藥產業,生物製劑,體外診斷用醫材,檢驗試劑／紙"
4137,麗豐-KY,上市生技醫療,"時尚產業,美妝保養品,美容"
4142,國光生,上市生技醫療,"醫藥產業,生物製劑"
4148,全宇生技-KY,上市生技醫療,"肥料,化學工業,生物科技,農業生技"
4164,承業醫,上市生技醫療,"醫療器材通路,醫療服務,醫藥流通,醫療管理服務"
4169,泰宗,上市生技醫療,"醫藥產業,生物科技,新藥研發,醫療器材通路,食品生技,醫藥流通,體外診斷用醫材"
4178,永笙-KY,上市生技醫療,"醫藥產業,生物科技,新藥研發,細胞治療"
4190,佐登-KY,上市生技醫療,"時尚產業,美妝保養品,美容"
4736,泰博,上市生技醫療,"血糖儀,體溫計,體外診斷用醫材,檢驗試劑／紙,診斷與監測用醫材,生理監測裝置"
4737,華廣,上市生技醫療,"血糖儀,體外診斷用醫材"
4746,台耀,上市生技醫療,"醫藥產業,原料藥"
4771,望隼,上市生技醫療,"隱形眼鏡,輔助與彌補用醫材"
6431,光麗-KY,上市生技醫療,"時尚產業,美妝保養品"
6446,藥華藥,上市生技醫療,"醫藥產業,新藥研發,生物製劑"
6472,保瑞,上市生技醫療,"醫藥產業,西藥製劑,醫藥研發外包服務,學名藥,醫藥流通"
6491,晶碩,上市生技醫療,"隱形眼鏡,輔助與彌補用醫材"
6541,泰福-KY,上市生技醫療,"醫藥產業,新藥研發,生物製劑"
6550,北極星藥業-KY,上市生技醫療,"醫藥產業,新藥研發,生物製劑,醫藥研發外包服務"
6589,台康生技,上市生技醫療,"醫藥產業,醫藥研發外包服務"
6598,ABC-KY,上市生技醫療,"體外診斷用醫材,檢驗試劑／紙,IVD檢驗儀器設備"
6657,華安,上市生技醫療,"醫藥產業,新藥研發,生命科學工具,體外診斷用醫材,檢驗試劑／紙,診斷與監測用醫材"
6666,羅麗芬-KY,上市生技醫療,"時尚產業,美妝保養品,美容"
6782,視陽,上市生技醫療,"隱形眼鏡,輔助與彌補用醫材"
6794,向榮生技,上市生技醫療,"醫藥產業,新藥研發,生物製劑,醫藥研發外包服務,細胞治療"
6796,晉弘,上市生技醫療,"診斷與監測用醫材,醫學影像裝置"
6838,台新藥,上市生技醫療,"醫藥產業,新藥研發,學名藥,專利藥"
6861,睿生光電,上市生技醫療,設備儀器商
6885,全福生技,上市生技醫療,"醫藥產業,新藥研發"
6918,愛派司,上市生技醫療,"醫療器材通路,醫藥流通,輔助與彌補用醫材,骨科類器材"
6919,康霈*,上市生技醫療,"醫藥產業,生物科技,新藥研發,食品生技"
6931,青松健康,上市生技醫療,醫療服務
6934,心誠鎂,上市生技醫療,"手術與治療用醫材,呼吸與麻醉用器具"
6936,永鴻生技,上市生技醫療,"生物科技,農業生技,動物用藥,獸醫相關"
7799,禾榮科,上市生技醫療,"手術與治療用醫材,放射治療設備"
1565,精華,上櫃生技醫療,"隱形眼鏡,輔助與彌補用醫材"
1777,生泰,上櫃生技醫療,"醫藥產業,原料藥"
1781,合世,上櫃生技醫療,"血壓計,診斷與監測用醫材"
1784,訊聯,上櫃生技醫療,"生物科技,生技服務,基因定序"
1788,杏昌,上櫃生技醫療,"醫療器材通路,洗腎器具,醫藥流通,手術與治療用醫材"
1799,易威,上櫃生技醫療,"醫藥產業,西藥製劑,原料藥,新藥研發,醫藥研發外包服務,學名藥"
1813,寶利徠,上櫃生技醫療,"傳產其他,眼鏡業"
3118,進階,上櫃生技醫療,"生物科技,生技服務,體外診斷用醫材,檢驗試劑／紙,IVD檢驗儀器設備"
3176,基亞,上櫃生技醫療,"醫藥產業,西藥製劑,新藥研發,生物製劑,學名藥,體外診斷用醫材,檢驗試劑／紙"
3205,佰研,上櫃生技醫療,"生物科技,食品生技,流通業,食品飲料相關通路,食品加工,保健食品"
3218,大學光,上櫃生技醫療,醫療服務
4102,永日,上櫃生技醫療,"醫藥產業,生物科技,原料藥,生技特用化學品"
4105,東洋,上櫃生技醫療,"醫藥產業,西藥製劑,學名藥"
4107,邦特,上櫃生技醫療,"醫療耗材,洗腎器具,手術與治療用醫材,其他醫療器材"
4109,加捷生醫,上櫃生技醫療,"生物科技,食品生技,保險經紀,金融業"
4111,濟生,上櫃生技醫療,"醫藥產業,西藥製劑,學名藥"
4114,健喬,上櫃生技醫療,"醫藥產業,生物科技,西藥製劑,學名藥,食品生技,醫藥流通,藥品通路"
4116,明基醫,上櫃生技醫療,"醫療服務,醫療耗材,診斷與監測用醫材,醫學影像裝置,輔助與彌補用醫材,牙科植入器材,其他醫療器材,醫用家具,醫療管理服務"
4120,友華,上櫃生技醫療,"醫藥產業,生物科技,西藥製劑,學名藥,食品生技,醫藥流通"
4121,優盛,上櫃生技醫療,"血壓計,血糖儀,體溫計,醫藥流通,體外診斷用醫材,診斷與監測用醫材,生理檢測器材"
4123,晟德,上櫃生技醫療,"醫藥產業,生物科技,西藥製劑,學名藥,食品生技"
4126,太醫,上櫃生技醫療,"醫療耗材,其他醫療器材"
4127,天良,上櫃生技醫療,"醫藥產業,生物科技,西藥製劑,學名藥,食品生技"
4128,中天,上櫃生技醫療,"醫藥產業,生物科技,中藥製劑,新藥研發,植物新藥,食品生技"
4129,聯合,上櫃生技醫療,"輔助與彌補用醫材,人造關節,骨科類器材"
4131,浩泰,上櫃生技醫療,"隱形眼鏡,體外診斷用醫材,檢驗試劑／紙,輔助與彌補用醫材"
4138,曜亞,上櫃生技醫療,"醫療器材通路,醫藥流通,手術與治療用醫材,動力手術器具"
4139,馬光-KY,上櫃生技醫療,醫療服務
4147,中裕,上櫃生技醫療,"醫藥產業,新藥研發,生物製劑"
4153,鈺緯,上櫃生技醫療,"智慧醫療技術,診斷與監測用醫材,醫學影像裝置,顯示器,顯示器零件,LCD顯示器"
4157,太景*-KY,上櫃生技醫療,"醫藥產業,西藥製劑,新藥研發"
4160,訊聯基因,上櫃生技醫療,"生物科技,基因定序"
4161,聿新科,上櫃生技醫療,"生物科技,食品生技,血糖儀,體外診斷用醫材,診斷與監測用醫材,生理檢測器材,時尚產業,美妝保養品"
4162,智擎,上櫃生技醫療,"醫藥產業,西藥製劑,新藥研發"
4163,鐿鈦,上櫃生技醫療,"其他醫療器材,傳產其他,金屬加工/製品"
4166,友霖,上櫃生技醫療,"醫藥產業,西藥製劑,新藥研發,學名藥"
4167,松瑞藥,上櫃生技醫療,"醫藥產業,西藥製劑,原料藥"
4168,醣聯,上櫃生技醫療,"醫藥產業,新藥研發,生物製劑,醫藥研發外包服務"
4173,久裕,上櫃生技醫療,醫藥流通
4174,浩鼎,上櫃生技醫療,"醫藥產業,新藥研發,生物製劑"
4175,杏一,上櫃生技醫療,"醫療器材通路,醫藥流通"
4183,福永生技,上櫃生技醫療,"血糖儀,體外診斷用醫材"
4188,安克,上櫃生技醫療,智慧醫療技術
4192,杏國,上櫃生技醫療,"醫藥產業,生物科技,新藥研發,植物新藥,食品生技"
4198,欣大健康,上櫃生技醫療,"診斷與監測用醫材,醫學影像裝置"
4726,永昕,上櫃生技醫療,"醫藥產業,醫藥研發外包服務"
4728,雙美,上櫃生技醫療,"生物科技,生技特用化學品,醫用植入材料,輔助與彌補用醫材"
4735,豪展,上櫃生技醫療,"血壓計,體溫計,診斷與監測用醫材,其他醫療器材"
4743,合一,上櫃生技醫療,"醫藥產業,新藥研發,植物新藥"
4744,皇將,上櫃生技醫療,"醫療保健設備/裝置,產業機械"
4745,合富-KY,上櫃生技醫療,"醫療器材通路,醫藥流通,體外診斷用醫材,檢驗試劑／紙,IVD檢驗儀器設備,手術與治療用醫材,放射治療設備"
4747,強生*,上櫃生技醫療,"醫藥產業,西藥製劑,學名藥"
4905,台聯電,上櫃生技醫療,"化學工業,其他化工產品,醫療耗材,其他醫療器材,用戶端設備,網通設備,接取設備"
4911,德英,上櫃生技醫療,"醫藥產業,生物科技,新藥研發,植物新藥,食品生技"
5312,寶島科,上櫃生技醫療,"傳產其他,眼鏡業"
6130,上亞科技,上櫃生技醫療,"醫藥流通,電力,太陽能發電,類比IC,IC設計"
6242,立康,上櫃生技醫療,"醫藥產業,生物科技,中藥製劑,食品生技"
6461,益得,上櫃生技醫療,"醫藥產業,西藥製劑,新藥研發,學名藥"
6469,大樹,上櫃生技醫療,"醫療器材通路,醫藥流通,藥品通路"
6492,生華科,上櫃生技醫療,"醫藥產業,新藥研發"
6496,科懋,上櫃生技醫療,"醫藥產業,西藥製劑,學名藥,醫療器材通路,醫藥流通"
6499,益安,上櫃生技醫療,"診斷與監測用醫材,醫學影像裝置,手術與治療用醫材"
6523,達爾膚,上櫃生技醫療,"時尚產業,美妝保養品"
6527,明達醫,上櫃生技醫療,"診斷與監測用醫材,醫學影像裝置"
6535,順藥,上櫃生技醫療,"醫藥產業,西藥製劑,新藥研發"
6547,高端疫苗,上櫃生技醫療,"醫藥產業,生物製劑"
6569,醫揚,上櫃生技醫療,工業電腦
6574,霈方,上櫃生技醫療,"醫療服務,時尚產業,美妝保養品"
6576,逸達,上櫃生技醫療,"醫藥產業,西藥製劑,新藥研發,生物製劑"
6612,奈米醫材,上櫃生技醫療,"醫用植入材料,輔助與彌補用醫材"
6615,慧智,上櫃生技醫療,"生物科技,基因定序"
6617,共信-KY,上櫃生技醫療,"醫藥產業,西藥製劑,新藥研發"
6620,漢達,上櫃生技醫療,"醫藥產業,西藥製劑,新藥研發,學名藥"
6637,醫影,上櫃生技醫療,"醫療器材通路,醫療服務,醫藥流通,醫療管理服務"
6649,台生材,上櫃生技醫療,"醫用植入材料,手術與治療用醫材,輔助與彌補用醫材"
6661,威健生技,上櫃生技醫療,"生物科技,生技服務,體外診斷用醫材,檢驗試劑／紙,IVD檢驗儀器設備"
6662,樂斯科,上櫃生技醫療,"生命科學工具,體外診斷用醫材,IVD檢驗儀器設備,診斷與監測用醫材"
6703,軒郁,上櫃生技醫療,"Internet應用與服務,電商平台,時尚產業,美妝保養品"
6712,長聖,上櫃生技醫療,"醫藥產業,新藥研發,生物製劑,醫藥研發外包服務,細胞治療"
6730,常廣,上櫃生技醫療,"醫療耗材,手術與治療用醫材,其他手術器械,其他醫療器材"
6733,博晟生醫,上櫃生技醫療,"輔助與彌補用醫材,骨科類器材"
6762,達亞,上櫃生技醫療,手術與治療用醫材
6767,台微醫,上櫃生技醫療,"輔助與彌補用醫材,骨科類器材"
6785,昱展新藥,上櫃生技醫療,"醫藥產業,新藥研發"
6841,長佳智能,上櫃生技醫療,智慧醫療技術
6844,諾貝兒,上櫃生技醫療,"醫療器材通路,醫藥流通,藥品通路"
6872,浩宇生醫,上櫃生技醫療,"診斷與監測用醫材,醫學影像裝置,手術與治療用醫材"
6875,國邑*,上櫃生技醫療,"醫藥產業,新藥研發"
6929,佑全,上櫃生技醫療,"醫療器材通路,醫藥流通,藥品通路"
6945,圓祥生技,上櫃生技醫療,"醫藥產業,新藥研發"
6986,和迅,上櫃生技醫療,"醫藥產業,新藥研發,醫藥研發外包服務,細胞治療"
7713,威力德生醫,上櫃生技醫療,"醫療器材通路,智慧醫療技術,醫藥流通,體外診斷用醫材,檢驗試劑／紙,IVD檢驗儀器設備"
7814,海昌生技,上櫃生技醫療,"醫用植入材料,輔助與彌補用醫材"
8279,生展,上櫃生技醫療,"生物科技,食品生技"
8403,盛弘,上櫃生技醫療,"醫療器材通路,醫療服務,醫藥流通,醫療管理服務,藥品通路"
8409,商之器,上櫃生技醫療,智慧醫療技術
8432,東生華,上櫃生技醫療,"醫藥產業,西藥製劑,新藥研發,學名藥,醫藥流通"
8436,大江,上櫃生技醫療,"生物科技,食品生技,食品加工,保健食品,時尚產業,美妝保養品"
1802,台玻,上市玻璃陶瓷,"建材,玻璃,傳產其他,複合材料,玻纖布,印刷電路板相關"
1806,冠軍,上市玻璃陶瓷,"建材,瓷磚"
1809,中釉,上市玻璃陶瓷,"建材,釉料"
1810,和成,上市玻璃陶瓷,"家居用品,衛浴設備,水龍頭"
1817,凱撒衛,上市玻璃陶瓷,"家居用品,衛浴設備,水龍頭"
1903,士紙,上市造紙,"家庭用紙,造紙業,資產股,地產,物業投資發展,旅宿／餐飲,飯店"
1904,正隆,上市造紙,"工業用紙,文化用紙,家庭用紙,造紙業"
1905,華紙,上市造紙,"紙漿,文化用紙,特殊用紙,造紙業"
1906,寶隆,上市造紙,"工業用紙,造紙業"
1907,永豐餘,上市造紙,"衛生清潔用品,化學工業,控股公司,紙漿,工業用紙,文化用紙,家庭用紙,造紙業"
1909,榮成,上市造紙,"工業用紙,造紙業"
6790,永豐實,上市造紙,"家庭用紙,造紙業"
2002,中鋼,上市鋼鐵,"鋼胚,熱軋鋼捲,線材盤元,條鋼,冷軋鋼捲,鍍鋅鋼捲,棒鋼,鋼板,塗鍍鋼捲,板鋼"
2006,東和鋼鐵,上市鋼鐵,"鋼筋,條鋼,型鋼"
2007,燁興,上市鋼鐵,"線材盤元,不鏽鋼,不鏽鋼線材"
2008,高興昌,上市鋼鐵,"條鋼,鋼管"
2009,第一銅,上市鋼鐵,"非鐵金屬,銅"
2010,春源,上市鋼鐵,"條鋼,鋼構,鋼剪裁加工,板鋼"
2012,春雨,上市鋼鐵,"螺絲螺帽,線材盤元"
2013,中鋼構,上市鋼鐵,"條鋼,鋼構"
2014,中鴻,上市鋼鐵,"熱軋鋼捲,冷軋鋼捲,板鋼"
2015,豐興,上市鋼鐵,"鋼筋,條鋼,型鋼,棒鋼"
2017,官田鋼,上市鋼鐵,"螺絲螺帽,線材盤元,旅宿／餐飲,飯店"
2020,美亞,上市鋼鐵,"條鋼,鋼管,不鏽鋼,不鏽鋼剪裁加工,鋼剪裁加工,板鋼"
2022,聚亨,上市鋼鐵,"螺絲螺帽,線材盤元"
2023,燁輝,上市鋼鐵,"鍍鋅鋼捲,烤漆鋼捲,板鋼"
2024,志聯,上市鋼鐵,"線材盤元,條鋼,棒鋼"
2025,千興,上市鋼鐵,"不鏽鋼,冷軋不鏽鋼"
2027,大成鋼,上市鋼鐵,"螺絲螺帽,線材盤元,不鏽鋼,不鏽鋼品,不鏽鋼管,非鐵金屬,鋁"
2028,威致,上市鋼鐵,"鋼筋,條鋼"
2029,盛餘,上市鋼鐵,"鍍鋅鋼捲,烤漆鋼捲,板鋼"
2030,彰源,上市鋼鐵,"不鏽鋼,不鏽鋼剪裁加工,不鏽鋼管"
2031,新光鋼,上市鋼鐵,"鋼剪裁加工,板鋼"
2032,新鋼,上市鋼鐵,"不鏽鋼,不鏽鋼剪裁加工"
2033,佳大,上市鋼鐵,線材盤元
2034,允強,上市鋼鐵,"不鏽鋼,不鏽鋼剪裁加工,不鏽鋼管"
2038,海光,上市鋼鐵,"鋼筋,條鋼"
2069,運錩,上市鋼鐵,"不鏽鋼,不鏽鋼剪裁加工"
2211,長榮鋼,上市鋼鐵,"傳產其他,循環經濟,條鋼,鋼構"
3004,豐達科,上市鋼鐵,"航天軍工,螺絲螺帽,線材盤元"
5007,三星,上市鋼鐵,"螺絲螺帽,線材盤元"
5538,東明-KY,上市鋼鐵,"不鏽鋼,不鏽鋼緊固件,不鏽鋼線材"
9958,世紀鋼,上市鋼鐵,"條鋼,鋼構"
2035,唐榮,上櫃鋼鐵,"資產股,不鏽鋼,冷軋不鏽鋼,熱軋不鏽鋼"
2063,世鎧,上櫃鋼鐵,"螺絲螺帽,線材盤元,不鏽鋼,不鏽鋼緊固件,不鏽鋼線材"
2064,晉椿,上櫃鋼鐵,"線材盤元,條鋼,棒鋼"
2065,世豐,上櫃鋼鐵,"螺絲螺帽,線材盤元"
2073,雄順,上櫃鋼鐵,線材盤元
4950,金耘國際,上櫃鋼鐵,"不鏽鋼,合金鋼,特殊鋼"
5009,榮剛,上櫃鋼鐵,"不鏽鋼,合金鋼,特殊鋼,工具鋼"
5011,久陽,上櫃鋼鐵,"螺絲螺帽,線材盤元"
5013,強新,上櫃鋼鐵,"線材盤元,不鏽鋼,不鏽鋼管,不鏽鋼線材"
5014,建錩,上櫃鋼鐵,"不鏽鋼,不鏽鋼剪裁加工"
5015,華祺,上櫃鋼鐵,"不鏽鋼,不鏽鋼緊固件,不鏽鋼線材"
5016,松和,上櫃鋼鐵,"線材盤元,條鋼,棒鋼"
6248,沛波,上櫃鋼鐵,"鋼胚,鋼筋,條鋼,板鋼"
8349,恒耀,上櫃鋼鐵,"螺絲螺帽,線材盤元"
8415,大國鋼,上櫃鋼鐵,"螺絲螺帽,線材盤元"
8930,青鋼,上櫃鋼鐵,"建材,輕鋼架"
9962,有益,上櫃鋼鐵,不鏽鋼
2101,南港,上市橡膠,"輪胎,橡膠工業,資產股"
2102,泰豐,上市橡膠,"輪胎,橡膠工業,資產股"
2103,台橡,上市橡膠,"合成橡膠,熱可塑橡膠,橡膠工業"
2104,國際中橡,上市橡膠,"碳煙,橡膠工業"
2105,正新,上市橡膠,"輪胎,橡膠製品,橡膠工業"
2106,建大,上市橡膠,"輪胎,橡膠製品,橡膠工業"
2107,厚生,上市橡膠,"橡膠製品,橡膠工業,塑膠皮布,塑化製品,資產股,倉儲服務,運輸事業"
2108,南帝,上市橡膠,"乳膠相關,橡膠工業"
2109,華豐,上市橡膠,"輪胎,橡膠工業"
2114,鑫永銓,上市橡膠,"橡膠製品,橡膠工業"
6582,申豐,上市橡膠,"乳膠相關,橡膠工業"
1319,東陽,上市汽車,"汽車保險桿,汽機車零組件,汽車鈑金"
1338,廣華-KY,上市汽車,汽車內裝
1339,昭輝,上市汽車,"塑膠加工,塑化製品,汽車保險桿,汽機車零組件"
1512,瑞利,上市汽車,"汽機車零組件,汽車鈑金,運動產業,運動用品"
1521,大億,上市汽車,"車燈,汽機車零組件"
1522,堤維西,上市汽車,"車燈,汽機車零組件"
1524,耿鼎,上市汽車,"汽機車零組件,汽車鈑金"
1525,江申,上市汽車,"汽機車零組件,木床/車架,汽車鈑金,懸吊系統,機械零組件,模具"
1533,車王電,上市汽車,"車輛整車,客貨車輛相關,車用電子,胎壓監測系統,行車紀錄器,倒車影像系統,手工具,產業機械"
1536,和大,上市汽車,"汽機車零組件,傳動系統,機車零組件"
1563,巧新,上市汽車,"汽機車零組件,輪圈"
1568,倉佑,上市汽車,"汽機車零組件,傳動系統"
1587,吉茂,上市汽車,"汽機車零組件,車用冷卻系統"
2115,六暉-KY,上市汽車,"汽機車零組件,輪圈"
2201,裕隆,上市汽車,"汽車製造,汽車銷售,汽車服務相關,汽機車零組件,車輛整車,資產股"
2204,中華,上市汽車,"汽車製造,電動機車,汽車銷售,汽車服務相關,汽機車零組件,機車零組件,車輛整車,客貨車輛相關"
2206,三陽工業,上市汽車,"汽車製造,電動機車,汽車銷售,機車,汽車服務相關,車輛整車,資產股"
2207,和泰車,上市汽車,"汽車銷售,汽車服務相關"
2227,裕日車,上市汽車,"汽車銷售,汽車服務相關,汽機車零組件"
2228,劍麟,上市汽車,"汽機車零組件,汽車內裝,安全氣囊,傳產其他"
2231,為升,上市汽車,"車用電子,胎壓監測系統,倒車雷達"
2233,宇隆,上市汽車,"汽機車零組件,傳產其他,金屬加工/製品,機械零組件,自行車零件,減速機,產業機械"
2236,百達-KY,上市汽車,"汽機車零組件,模具沖壓,電子零件元件"
2239,英利-KY,上市汽車,"汽機車零組件,車用金屬成型,車用沖壓件"
2241,艾姆勒,上市汽車,汽機車零組件
2243,宏旭-KY,上市汽車,汽機車零組件
2247,汎德永業,上市汽車,"汽車銷售,汽車服務相關"
2248,華勝-KY,上市汽車,汽車內裝
2250,IKKA-KY,上市汽車,"汽機車零組件,家電零組件,家電"
2497,怡利電,上市汽車,"車用電子,胎壓監測系統,車載影音系統,行車紀錄器,抬頭顯示器(HUD)"
3346,麗清,上市汽車,"LED,LED封裝"
3717,聯嘉投控,上市汽車,"LED,LED封裝"
4551,智伸科,上市汽車,"汽機車零組件,傳產其他,金屬加工/製品"
4557,永新-KY,上市汽車,"汽機車零組件,剎車系統"
4569,六方科-KY,上市汽車,"汽機車零組件,傳產其他,金屬加工/製品"
4581,光隆精密-KY,上市汽車,"汽機車零組件,車用鑄件,引擎相關,傳動系統,剎車系統,車用金屬成型,車用排氣系統"
6605,帝寶,上市汽車,"車燈,汽機車零組件"
7732,金興精密,上市汽車,"汽機車零組件,車用冷卻系統"
7736,虎山,上市汽車,"汽機車零組件,車用電子"
7821,神數,上市汽車,車用電子
2302,麗正,上市半導體,"分離式元件,二極體,電晶體"
2303,聯電,上市半導體,"晶圓代工,IC製造"
2329,華泰,上市半導體,"IC封裝,IC測試,IC封裝測試,電子製造服務,電腦系統業"
2330,台積電,上市半導體,"晶圓代工,IC製造"
2337,旺宏,上市半導體,"非揮發性記憶體,IC製造"
2338,光罩,上市半導體,"光罩,IC製造"
2340,台亞,上市半導體,"LED,LED晶粒,LED照明產品,分離式元件,二極體,電晶體"
2342,茂矽,上市半導體,"晶圓代工,IC製造"
2344,華邦電,上市半導體,"非揮發性記憶體,DRAM,IC製造"
2351,順德,上市半導體,"傳產其他,文具,導線架,封測服務與材料"
2363,矽統,上市半導體,"繪圖IC,IC設計,觸控IC,MEMS"
2369,菱生,上市半導體,"IC封裝,IC測試,IC封裝測試"
2379,瑞昱,上市半導體,"網路卡IC,集線器IC,無線網路IC,IC設計,網路通訊IC,LCD控制IC,PC週邊IC,影音IC,安全監控IC,數位電視IC"
2388,威盛,上市半導體,"車用電子,CPU,其他IC,IC設計,晶片組,嵌入式晶片,高速傳輸介面IC,顯示器,數位看板"
2401,凌陽,上市半導體,"DSP,IC設計,消費性IC,光碟機驅動IC,設計IP,影音IC"
2408,南亞科,上市半導體,"DRAM,IC製造"
2434,統懋,上市半導體,"分離式元件,二極體,電晶體"
2436,偉詮電,上市半導體,"馬達IC,類比IC,IC設計,消費性IC,PC週邊IC,MCU,LED驅動IC,IC零組件通路商,電子通路"
2441,超豐,上市半導體,"IC封裝,IC測試,IC封裝測試"
2449,京元電子,上市半導體,"IC測試,IC封裝測試"
2451,創見,上市半導體,"電子零件元件,DRAM模組,Flash模組,記憶體模組"
2454,聯發科,上市半導體,"DSL晶片組,無線網路IC,衛星導航晶片組,數據機晶片組,CPU,IC設計,網路通訊IC,消費性IC,光碟機驅動IC,LCD控制IC,影音IC,數位電視IC,手機晶片相關"
2458,義隆,上市半導體,"IC設計,消費性IC,PC週邊IC,MCU,生物辨識IC,觸控IC"
2481,強茂,上市半導體,"分離式元件,二極體,電晶體"
3006,晶豪科,上市半導體,"DRAM記憶體IC,FLASH記憶體IC,類比IC,IC設計"
3014,聯陽,上市半導體,"IO控制IC,IC設計,消費性IC,PC週邊IC,影音IC,高速傳輸介面IC,安全監控IC,數位電視IC,觸控IC"
3016,嘉晶,上市半導體,"第三類半導體,磊晶,矽晶圓,IC製造"
3034,聯詠,上市半導體,"IC設計,LCD驅動IC,LCD控制IC,影音IC,CMOS晶片,安全監控IC,手機面板驅動IC,數位電視IC,觸控IC,SOC"
3035,智原,上市半導體,"IC設計,設計IP,ASIC"
3041,揚智,上市半導體,"機上盒晶片,IC設計,消費性IC,影音IC"
3094,聯傑,上市半導體,"IC設計,網路通訊IC"
3135,凌航,上市半導體,"電子零件元件,DRAM模組,Flash模組,記憶體模組"
3189,景碩,上市半導體,"隱形眼鏡,輔助與彌補用醫材,IC基板,封測服務與材料,BGA基板,ABF載板"
3257,虹冠電,上市半導體,"IC設計,分離式元件,二極體,電晶體,電源管理IC"
3413,京鼎,上市半導體,"半導體製程設備,設備儀器商,化學氣相沈積設備"
3443,創意,上市半導體,"IC設計,設計IP,ASIC"
3450,聯鈞,上市半導體,"IC封裝,IC測試,IC封裝測試"
3530,晶相光,上市半導體,"IC設計,CMOS晶片"
3532,台勝科,上市半導體,"矽晶圓,IC製造"
3545,敦泰,上市半導體,"IC設計,LCD驅動IC,生物辨識IC,手機面板驅動IC,觸控IC"
3583,辛耘,上市半導體,"矽晶圓,半導體製程設備,設備儀器商,IC製造"
3588,通嘉,上市半導體,"IC設計,LED驅動IC,電源管理IC"
3592,瑞鼎,上市半導體,"IC設計,LCD驅動IC,手機面板驅動IC"
3661,世芯-KY,上市半導體,"IC設計,設計IP,ASIC"
3686,達能,上市半導體,"IC零組件通路商,電子通路,太陽能,太陽能系統運用"
3711,日月光投控,上市半導體,"IC封裝,IC測試,IC封裝測試,電子製造服務,電腦系統業"
4919,新唐,上市半導體,"IC生產,類比IC,IO控制IC,IC設計,消費性IC,PC週邊IC,MCU,影音IC,CMOS晶片,IC製造"
4952,凌通,上市半導體,"車用電子,無線充電,電子零件元件,IC設計,消費性IC,LCD控制IC,MCU,影音IC"
4961,天鈺,上市半導體,"類比IC,IC設計,LCD驅動IC,手機面板驅動IC"
4967,十銓,上市半導體,"電子零件元件,DRAM模組,Flash模組,記憶體模組"
4968,立積,上市半導體,"功率放大器,射頻前端晶片,射頻開關,射頻前端模組"
5222,全訊,上市半導體,"砷化鎵相關,第三類半導體,功率放大器,IC製造,射頻前端晶片"
5236,凌陽創新,上市半導體,"IC設計,PC週邊IC,MCU,影音IC"
5269,祥碩,上市半導體,"IC設計,高速傳輸介面IC,USB IC"
5285,界霖,上市半導體,"導線架,封測服務與材料"
5471,松翰,上市半導體,"DSP,IC設計,消費性IC,MCU,影音IC"
6202,盛群,上市半導體,"IC設計,消費性IC,PC週邊IC,MCU,生物辨識IC,安全監控IC"
6239,力成,上市半導體,"IC封裝,IC測試,IC封裝測試"
6243,迅杰,上市半導體,"IC設計,PC週邊IC,MCU,觸控IC"
6257,矽格,上市半導體,"IC封裝,IC測試,IC封裝測試"
6271,同欣電,上市半導體,"LED,LED散熱基板,IC封裝測試,IC基板,封測服務與材料"
6415,矽力*-KY,上市半導體,"IC設計,LED驅動IC,電源管理IC"
6451,訊芯-KY,上市半導體,"IC封裝,IC測試,IC封裝測試"
6515,穎崴,上市半導體,"探針、探針卡,封測服務與材料"
6525,捷敏-KY,上市半導體,IC封裝測試
6526,達發,上市半導體,"無線網路IC,衛星導航晶片組,IC設計,網路通訊IC,射頻前端晶片"
6531,愛普*,上市半導體,"DRAM記憶體IC,SRAM記憶體IC,IC設計,設計IP"
6533,晶心科,上市半導體,"IC設計,設計IP"
6552,易華電,上市半導體,"IC基板,封測服務與材料"
6573,虹揚-KY,上市半導體,"分離式元件,二極體"
6695,芯鼎,上市半導體,"IC設計,消費性IC,影音IC,安全監控IC"
6719,力智,上市半導體,"IC設計,分離式元件,電晶體,電源管理IC"
6756,威鋒電子,上市半導體,"IC設計,USB IC"
6770,力積電,上市半導體,"晶圓代工,IC製造"
6789,采鈺,上市半導體,"影像感測元件,晶圓代工,IC測試,IC封裝測試,IC製造,數位相機"
6799,來頡,上市半導體,"IC設計,電源管理IC"
6909,創控,上市半導體,"半導體製程設備,設備儀器商"
6937,天虹,上市半導體,"半導體製程設備,設備儀器商"
6962,奕力-KY,上市半導體,"IC設計,LCD驅動IC"
7749,意騰-KY,上市半導體,"IC設計,設計IP,ASIC"
7768,頌勝科技,上市半導體,"傳產其他,鞋材,研磨液／墊,半導體化學品"
7769,鴻勁,上市半導體,"設備儀器商,封測用設備"
7822,倍利科,上市半導體,"IC檢測設備,設備儀器商"
8016,矽創,上市半導體,"IC設計,LCD驅動IC,CMOS晶片,感測元件,手機面板驅動IC,觸控IC,MEMS"
8028,昇陽半導體,上市半導體,"矽晶圓,IC製造"
8081,致新,上市半導體,"類比IC,IC設計,LED驅動IC,電源管理IC"
8110,華東,上市半導體,"IC封裝,IC測試,IC封裝測試"
8131,福懋科,上市半導體,"電子零件元件,IC封裝,IC測試,IC封裝測試,DRAM模組"
8150,南茂,上市半導體,"IC封裝,IC測試,金、錫凸塊,IC封裝測試,LCD驅動IC封裝,封測服務與材料"
8261,富鼎,上市半導體,"分離式元件,電晶體"
8271,宇瞻,上市半導體,"電子零件元件,DRAM模組,Flash模組,記憶體模組"
1595,川寶,上櫃半導體,"PCB相關設備,半導體製程設備,設備儀器商"
3105,穩懋,上櫃半導體,"砷化鎵相關,第三類半導體,化合物晶圓,IC製造"
3122,笙泉,上櫃半導體,"IC設計,MCU"
3131,弘塑,上櫃半導體,"半導體製程設備,設備儀器商,半導體化學品,封測用設備"
3141,晶宏,上櫃半導體,"馬達IC,IC設計,LCD驅動IC,觸控IC"
3169,亞信,上櫃半導體,"IO控制IC,IC設計,網路通訊IC,嵌入式晶片"
3178,公準,上櫃半導體,"半導體製程設備,設備儀器商,面板設備,機械零組件,飛機零件/製造,模具"
3227,原相,上櫃半導體,"IC設計,CMOS晶片,感測元件"
3228,金麗科,上櫃半導體,"IC設計,網路通訊IC,MCU,ASIC,嵌入式晶片"
3259,鑫創,上櫃半導體,"FLASH記憶體IC,其他IC,IC設計,影音IC,記憶卡IC,MEMS"
3260,威剛,上櫃半導體,"電子零件元件,DRAM模組,Flash模組,週邊產品,硬碟相關,電競週邊,記憶體模組"
3264,欣銓,上櫃半導體,"IC測試,IC封裝測試"
3265,台星科,上櫃半導體,"IC封裝,IC測試,IC封裝測試"
3268,海德威,上櫃半導體,"其他IC,IC設計軟體,IC設計"
3317,尼克森,上櫃半導體,"分離式元件,電晶體"
3372,典範,上櫃半導體,"IC封裝,IC測試,IC封裝測試"
3374,精材,上櫃半導體,"IC封裝,IC測試,IC封裝測試"
3438,類比科,上櫃半導體,"IC設計,MCU,電源管理IC"
3467,台灣精材,上櫃半導體,"被動元件,石英元件,半導體製程設備,設備儀器商"
3527,聚積,上櫃半導體,"類比IC,IC設計,LED驅動IC"
3529,力旺,上櫃半導體,"FLASH記憶體IC,IC設計,設計IP,嵌入式晶片"
3555,博士旺,上櫃半導體,"資訊安全,IC零組件通路商,3C通路商,電子通路,軟體業,應用軟體"
3556,禾瑞亞,上櫃半導體,"IC設計,消費性IC,影音IC,觸控IC"
3567,逸昌,上櫃半導體,"IC測試,IC封裝測試"
3581,博磊,上櫃半導體,"設備儀器商,封測服務與材料,封測用設備"
3675,德微,上櫃半導體,"矽晶圓,IC製造,分離式元件,二極體,電晶體"
3680,家登,上櫃半導體,"半導體製程設備,設備儀器商"
3707,漢磊,上櫃半導體,"晶圓代工,第三類半導體,磊晶,IC製造"
4749,新應材,上櫃半導體,"光阻劑,半導體化學品"
4923,力士,上櫃半導體,"分離式元件,二極體,電晶體"
4951,精拓科,上櫃半導體,"IO控制IC,IC設計,消費性IC,PC週邊IC,嵌入式晶片,電源管理IC"
4966,譜瑞-KY,上櫃半導體,"IC設計,LCD驅動IC,LCD控制IC,高速傳輸介面IC,觸控IC,USB IC,傳輸介面,Displayport"
4971,IET-KY,上櫃半導體,"砷化鎵相關,第三類半導體,光通訊元件磊晶,IC製造"
4973,廣穎,上櫃半導體,"電子零件元件,DRAM模組,Flash模組,記憶體模組"
4991,環宇-KY,上櫃半導體,"砷化鎵相關,第三類半導體,化合物晶圓,IC製造"
5272,笙科,上櫃半導體,"無線網路IC,IC設計"
5274,信驊,上櫃半導體,"其他IC,IC設計,影音IC"
5299,杰力,上櫃半導體,"類比IC,IC設計,分離式元件,電晶體"
5302,太欣,上櫃半導體,"DSP,IC設計,消費性IC,MCU,影音IC"
5344,立衛,上櫃半導體,"IC測試,IC封裝測試"
5347,世界,上櫃半導體,"晶圓代工,IC製造"
5351,鈺創,上櫃半導體,"DRAM記憶體IC,SRAM記憶體IC,IC設計,高速傳輸介面IC"
5425,台半,上櫃半導體,"分離式元件,二極體,週邊產品,印表機"
5443,均豪,上櫃半導體,"半導體製程設備,IC檢測設備,設備儀器商,面板設備,封測用設備"
5468,凱鈺,上櫃半導體,"電池保護IC,IC設計,網路通訊IC,LED驅動IC,光通訊IC,營建,地產"
5483,中美晶,上櫃半導體,"矽晶圓,IC製造,太陽能,太陽能矽晶圓"
5487,通泰,上櫃半導體,"IC設計,消費性IC,MCU,觸控IC"
6103,合邦,上櫃半導體,"IC設計,影音IC,嵌入式晶片,矽晶圓,LED驅動IC,IC製造"
6104,創惟,上櫃半導體,"集線器IC,IC設計,USB IC"
6129,普誠,上櫃半導體,"無線網路IC,類比IC,IC設計,LCD驅動IC,消費性IC,影音IC"
6138,茂達,上櫃半導體,"馬達IC,IC設計,影音IC,電源管理IC"
6147,頎邦,上櫃半導體,"IC封裝,IC測試,金、錫凸塊,IC封裝測試,LCD驅動IC封裝,封測服務與材料"
6182,合晶,上櫃半導體,"矽晶圓,IC製造"
6187,萬潤,上櫃半導體,"設備儀器商,封測用設備"
6208,日揚,上櫃半導體,"半導體製程設備,設備儀器商,幫浦,產業機械"
6223,旺矽,上櫃半導體,"探針、探針卡,半導體製程設備,設備儀器商,封測服務與材料"
6229,研通,上櫃半導體,"IC設計軟體,IC設計"
6233,旺玖,上櫃半導體,"馬達IC,其他IC,IC設計,MEMS,USB IC"
6237,驊訊,上櫃半導體,"IC設計,影音IC"
6261,久元,上櫃半導體,"IC測試,IC封裝測試,設備儀器商,封測用設備"
6291,沛亨,上櫃半導體,"電子零件元件,IC設計,音響設備及零件,電源管理IC"
6411,晶焱,上櫃半導體,"其他IC,IC設計"
6423,億而得,上櫃半導體,"IC設計,設計IP"
6435,大中,上櫃半導體,"分離式元件,電晶體"
6462,神盾,上櫃半導體,"IC設計,消費性IC,感測元件,生物辨識IC"
6485,點序,上櫃半導體,"FLASH記憶體IC,IC設計,記憶卡IC,SSD控制IC"
6488,環球晶,上櫃半導體,"第三類半導體,矽晶圓,IC製造"
6494,九齊,上櫃半導體,"IC設計,MCU,影音IC"
6510,精測,上櫃半導體,"封測服務與材料,測試用板卡"
6532,瑞耘,上櫃半導體,"半導體製程設備,設備儀器商,化學氣相沈積設備"
6548,長科*,上櫃半導體,"導線架,封測服務與材料"
6568,宏觀,上櫃半導體,"無線網路IC,IC設計,ASIC,光通訊IC"
6640,均華,上櫃半導體,"設備儀器商,封測用設備"
6643,M31,上櫃半導體,"IC設計,設計IP"
6651,全宇昕,上櫃半導體,"分離式元件,二極體,電晶體"
6679,鈺太,上櫃半導體,"類比IC,IC設計,影音IC,感測元件,MEMS"
6683,雍智科技,上櫃半導體,"封測服務與材料,測試用板卡"
6684,安格,上櫃半導體,"IC設計,設計IP,影音IC,高速傳輸介面IC"
6693,廣閎科,上櫃半導體,"馬達IC,IC設計,分離式元件,電晶體,電源管理IC"
6708,天擎,上櫃半導體,"IC設計,安全監控IC"
6716,應廣,上櫃半導體,"IC設計,MCU"
6720,久昌,上櫃半導體,"類比IC,IC設計,分離式元件,電晶體"
6732,昇佳電子,上櫃半導體,"IC設計,感測元件,MEMS"
6788,華景電,上櫃半導體,"半導體製程設備,設備儀器商"
6823,濾能,上櫃半導體,電子其他
6829,千附精密,上櫃半導體,"半導體製程設備,設備儀器商,面板設備,機械零組件,飛機零件/製造"
6895,宏碩系統,上櫃半導體,"半導體製程設備,設備儀器商"
6907,雅特力-KY,上櫃半導體,"IC設計,MCU"
6953,家碩,上櫃半導體,"半導體製程設備,設備儀器商"
6996,力領科技,上櫃半導體,"IC設計,LCD驅動IC"
7556,意德士,上櫃半導體,"半導體製程設備,設備儀器商"
7704,明遠精密,上櫃半導體,"半導體製程設備,設備儀器商"
7712,博盛半導體,上櫃半導體,"分離式元件,電晶體"
7734,印能科技,上櫃半導體,"設備儀器商,封測用設備"
7751,竑騰,上櫃半導體,"設備儀器商,封測用設備"
7770,君曜,上櫃半導體,"IC設計,LCD驅動IC,高速傳輸介面IC,觸控IC"
7772,耀穎,上櫃半導體,"影像感測元件,數位相機"
7810,捷創科技,上櫃半導體,"半導體製程設備,設備儀器商"
7828,創新服務,上櫃半導體,"半導體製程設備,設備儀器商"
7856,漢測,上櫃半導體,"探針、探針卡,封測服務與材料"
8024,佑華,上櫃半導體,"IC設計,消費性IC,MCU,影音IC"
8040,九暘,上櫃半導體,"無線網路IC,IC設計,網路通訊IC"
8054,安國,上櫃半導體,"FLASH記憶體IC,集線器IC,IC設計,PC週邊IC,影音IC,記憶卡IC,USB IC"
8086,宏捷科,上櫃半導體,"砷化鎵相關,化合物晶圓,IC製造"
8088,品安,上櫃半導體,"電子零件元件,DRAM模組,Flash模組,電子製造服務,記憶體模組,電腦系統業"
8091,翔名,上櫃半導體,"半導體製程設備,半導體材料通路商,電子通路,設備儀器商"
8102,傑霖科技,上櫃半導體,"IC設計,影音IC"
8227,巨有科技,上櫃半導體,"IC設計,ASIC"
8277,商丞,上櫃半導體,"電子零件元件,週邊產品,儲存設備,磁碟陣列控制器,記憶體模組"
8299,群聯,上櫃半導體,"電子零件元件,FLASH記憶體IC,IC設計,PC週邊IC,記憶卡IC,嵌入式晶片,SSD控制IC,Flash模組,週邊產品,記憶卡,USB IC"
8383,千附,上櫃半導體,"電子其他,半導體製程設備,設備儀器商,廠務工程,其他產業機械,產業機械,營造工程,工程顧問"
2301,光寶科,上市電腦及週邊設備,"車用電子,車用鋰電池,LED,LED封裝,LED照明產品,電源供應器,無線充電,機殼,電子零件元件,鍵盤,無線網路設備系統(WLAN),網通設備,電池,週邊產品,光通訊,太陽能,PV Inverter,電腦系統業,光纖被動元件"
2305,全友,上市電腦及週邊設備,"診斷與監測用醫材,醫學影像裝置,掃瞄器,設備儀器商,週邊產品"
2324,仁寶,上市電腦及週邊設備,"車用電子,伺服器,筆記型電腦製造,顯示器,網通設備,手機,手機製造,智慧型手機,平板電腦,消費性電子產品,AI伺服器,穿戴式裝置,電子製造服務,電腦系統業,家電,液晶電視"
2331,精英,上市電腦及週邊設備,"桌上型電腦,筆記型電腦製造,主機板,平板電腦,消費性電子產品,繪圖卡,電腦系統業"
2352,佳世達,上市電腦及週邊設備,"醫療服務,醫療耗材,診斷與監測用醫材,醫學影像裝置,其他醫療器材,掃瞄器,顯示器,LCD顯示器,網通設備,週邊產品,工業電腦,安全監控,電子製造服務,電腦系統業"
2353,宏碁,上市電腦及週邊設備,"桌上型電腦,伺服器,筆記型電腦,顯示器,投影機,平板電腦,消費性電子產品,週邊產品,AI伺服器,電競筆電,教育筆電,電競週邊,電腦系統業"
2356,英業達,上市電腦及週邊設備,"伺服器,筆記型電腦製造,AI伺服器,電子製造服務,電腦系統業"
2357,華碩,上市電腦及週邊設備,"桌上型電腦,筆記型電腦,手機,主機板,智慧型手機,週邊產品,AI伺服器,繪圖卡,穿戴式裝置,智慧手錶,電競筆電,教育筆電,電競週邊,電腦系統業"
2362,藍天,上市電腦及週邊設備,"資產股,筆記型電腦製造,電腦系統業,地產,物業投資發展"
2364,倫飛,上市電腦及週邊設備,"工業電腦,強固電腦,電腦系統業"
2365,昆盈,上市電腦及週邊設備,"車用電子,行車紀錄器,滑鼠,鍵盤,週邊產品,電競週邊"
2376,技嘉,上市電腦及週邊設備,"伺服器,筆記型電腦,主機板,週邊產品,AI伺服器,繪圖卡,電競筆電,電競週邊,電腦系統業"
2377,微星,上市電腦及週邊設備,"桌上型電腦,伺服器,筆記型電腦,主機板,週邊產品,繪圖卡,電競筆電,電競週邊,電腦系統業"
2380,虹光,上市電腦及週邊設備,"電子其他,掃瞄器,事務機器,週邊產品"
2382,廣達,上市電腦及週邊設備,"伺服器,筆記型電腦製造,AI伺服器,電子製造服務,電腦系統業"
2387,精元,上市電腦及週邊設備,"鍵盤,週邊產品"
2395,研華,上市電腦及週邊設備,工業電腦
2397,友通,上市電腦及週邊設備,工業電腦
2399,映泰,上市電腦及週邊設備,"主機板,工業電腦,繪圖卡,電腦系統業"
2405,輔信,上市電腦及週邊設備,"福祉輔助設備,輔助與彌補用醫材,準系統,電腦系統業"
2417,圓剛,上市電腦及週邊設備,"視訊轉換相關,消費性電子產品,視訊會議產品"
2425,承啟,上市電腦及週邊設備,"伺服器,主機板,AI伺服器,繪圖卡,電腦系統業"
2465,麗臺,上市電腦及週邊設備,"繪圖卡,電腦系統業"
2495,普安,上市電腦及週邊設備,"週邊產品,磁碟陣列控制器"
3002,歐格,上市電腦及週邊設備,"電源供應器,被動元件,電子零件元件,遊戲產業,商用遊戲機"
3005,神基,上市電腦及週邊設備,"汽機車零組件,機殼,電子零件元件,工業電腦,強固電腦,電腦系統業"
3013,晟銘電,上市電腦及週邊設備,"伺服器機殼,電子零件元件"
3017,奇鋐,上市電腦及週邊設備,"伺服器機殼,機殼,散熱風扇馬達,電子零件元件,散熱模組,其他散熱零件,伺服器用散熱模組,筆記型電腦用散熱模組"
3022,威強電,上市電腦及週邊設備,工業電腦
3046,建碁,上市電腦及週邊設備,"顯示器,數位看板,工業電腦"
3057,喬鼎,上市電腦及週邊設備,"週邊產品,磁碟陣列控制器"
3060,銘異,上市電腦及週邊設備,"週邊產品,硬碟相關"
3231,緯創,上市電腦及週邊設備,"伺服器,筆記型電腦製造,AI伺服器,電子製造服務,電腦系統業"
3416,融程電,上市電腦及週邊設備,工業電腦
3494,誠研,上市電腦及週邊設備,"週邊產品,印表機,印表機耗材"
3515,華擎,上市電腦及週邊設備,"主機板,電腦系統業"
3652,精聯,上市電腦及週邊設備,"工業電腦,自動資料收集產品,掌上型工業電腦,條碼掃描器"
3701,大眾控,上市電腦及週邊設備,"控股公司,車用電子,平板電腦,消費性電子產品,工業電腦,電子製造服務,電腦系統業"
3706,神達,上市電腦及週邊設備,"控股公司,車用電子,行車紀錄器,伺服器,網通設備,衛星導航,工業電腦,AI伺服器,電腦系統業"
3712,永崴投控,上市電腦及週邊設備,控股公司
4916,事欣科,上市電腦及週邊設備,"航天軍工,航天機械零組件,工業電腦,博奕機台"
4938,和碩,上市電腦及週邊設備,"車用電子,桌上型電腦,伺服器,筆記型電腦製造,網通設備,手機,手機製造,主機板,視訊轉換相關,遊戲機,平板電腦,消費性電子產品,AI伺服器,穿戴式裝置,電子製造服務,遊戲產業,電腦系統業"
5215,科嘉-KY,上市電腦及週邊設備,"鍵盤,週邊產品"
5258,虹堡,上市電腦及週邊設備,"工業電腦,POS機系統"
6117,迎廣,上市電腦及週邊設備,"伺服器機殼,機殼,電子零件元件,伺服器,電腦系統業"
6128,上福,上市電腦及週邊設備,"週邊產品,印表機耗材"
6166,凌華,上市電腦及週邊設備,工業電腦
6206,飛捷,上市電腦及週邊設備,"工業電腦,Kiosk自助服務機,POS機系統"
6230,尼得科超眾,上市電腦及週邊設備,"散熱模組,其他散熱零件,伺服器用散熱模組,筆記型電腦用散熱模組"
6235,華孚,上市電腦及週邊設備,汽機車零組件
6277,宏正,上市電腦及週邊設備,"視訊轉換相關,消費性電子產品,週邊產品"
6414,樺漢,上市電腦及週邊設備,工業電腦
6579,研揚,上市電腦及週邊設備,工業電腦
6591,動力-KY,上市電腦及週邊設備,"散熱風扇馬達,散熱模組"
6669,緯穎,上市電腦及週邊設備,"伺服器,AI伺服器,ASIC伺服器,電腦系統業"
6831,邁科,上市電腦及週邊設備,"散熱模組,其他散熱零件,伺服器用散熱模組"
6928,攸泰科技,上市電腦及週邊設備,工業電腦
6933,AMAX-KY,上市電腦及週邊設備,"伺服器,系統整合,軟體業,電腦系統業"
7711,永擎,上市電腦及週邊設備,"伺服器,主機板,AI伺服器,電腦系統業"
8114,振樺電,上市電腦及週邊設備,"工業電腦,Kiosk自助服務機,POS機系統"
8163,達方,上市電腦及週邊設備,"車輛整車,自行車,鍵盤,週邊產品"
8210,勤誠,上市電腦及週邊設備,"伺服器機殼,電子零件元件"
9912,偉聯,上市電腦及週邊設備,"顯示器,LCD顯示器"
1569,濱川,上櫃電腦及週邊設備,"機殼,模具沖壓,電子零件元件"
3071,協禧,上櫃電腦及週邊設備,"散熱風扇馬達,散熱模組,筆記型電腦用散熱模組"
3088,艾訊,上櫃電腦及週邊設備,工業電腦
3211,順達,上櫃電腦及週邊設備,"資產股,消費用電池,電池,BBU"
3213,茂訊,上櫃電腦及週邊設備,"筆記型電腦製造,電腦通路商,電子通路,強固電腦,電腦系統業"
3272,東碩,上櫃電腦及週邊設備,週邊產品
3287,廣寰科,上櫃電腦及週邊設備,"滑鼠,鍵盤,週邊產品,電聲產品,耳機,電競週邊"
3323,加百裕,上櫃電腦及週邊設備,"消費用電池,電池"
3325,旭品,上櫃電腦及週邊設備,"機殼,電子零件元件"
3349,寶德,上櫃電腦及週邊設備,"滑鼠,鍵盤,週邊產品,電聲產品,耳機,電競週邊"
3479,安勤,上櫃電腦及週邊設備,工業電腦
3483,力致,上櫃電腦及週邊設備,"散熱風扇馬達,散熱模組,伺服器用散熱模組,筆記型電腦用散熱模組"
3540,曜越,上櫃電腦及週邊設備,"電源供應器,機殼,電子零件元件,散熱模組"
3577,泓格,上櫃電腦及週邊設備,工業電腦
3594,磐儀,上櫃電腦及週邊設備,工業電腦
3611,鼎翰,上櫃電腦及週邊設備,"週邊產品,印表機,印表機耗材"
3693,營邦,上櫃電腦及週邊設備,"伺服器機殼,電子零件元件,準系統,電腦系統業"
3709,鑫聯大投控,上櫃電腦及週邊設備,"控股公司,電腦通路商,電子通路"
4931,新盛力,上櫃電腦及週邊設備,"工業用電池,車用鋰電池,電池"
5223,安力-KY,上櫃電腦及週邊設備,"模具沖壓,電子零件元件"
5289,宜鼎,上櫃電腦及週邊設備,"電子零件元件,DRAM模組,Flash模組,週邊產品,硬碟相關,記憶體模組"
5356,協益,上櫃電腦及週邊設備,"其他電子零件,電子零件元件,週邊產品"
5386,青雲,上櫃電腦及週邊設備,"電腦通路商,電子通路"
5426,振發,上櫃電腦及週邊設備,"機殼,連接器,電子零件元件"
5438,東友,上櫃電腦及週邊設備,"電子其他,掃瞄器,事務機器,週邊產品,3D印表機"
5465,富驊,上櫃電腦及週邊設備,"電源供應器,機殼,電子零件元件"
5474,聰泰,上櫃電腦及週邊設備,"視訊轉換相關,消費性電子產品"
5490,同亨,上櫃電腦及週邊設備,"工業電腦,POS機系統"
6121,新普,上櫃電腦及週邊設備,"工業用電池,消費用電池,電池"
6150,撼訊,上櫃電腦及週邊設備,"繪圖卡,電腦系統業"
6160,欣技,上櫃電腦及週邊設備,"工業電腦,自動資料收集產品,掌上型工業電腦"
6161,捷波,上櫃電腦及週邊設備,"主機板,工業電腦,電腦系統業"
6188,廣明,上櫃電腦及週邊設備,"週邊產品,硬碟相關,機器人"
6228,全譜,上櫃電腦及週邊設備,"體外診斷用醫材,IVD檢驗儀器設備,掃瞄器,週邊產品"
6276,安鈦克,上櫃電腦及週邊設備,"電源供應器,機殼,電子零件元件"
6441,廣錠,上櫃電腦及週邊設備,"工業用電池,電池,儲能設備,工業電腦,博奕機台"
6570,維田,上櫃電腦及週邊設備,"顯示器,工業電腦"
6577,勁豐,上櫃電腦及週邊設備,"顯示器,工業電腦"
6680,鑫創電子,上櫃電腦及週邊設備,工業電腦
6922,宸曜,上櫃電腦及週邊設備,工業電腦
8050,廣積,上櫃電腦及週邊設備,"主機板,工業電腦,電腦系統業"
8076,伍豐,上櫃電腦及週邊設備,"工業電腦,Kiosk自助服務機,POS機系統"
8234,新漢,上櫃電腦及週邊設備,工業電腦
8410,森田,上櫃電腦及週邊設備,"機殼表面處理,電子零件元件"
2323,中環,上市光電,"非揮發性記憶體,光碟片,IC製造,週邊產品"
2349,錸德,上市光電,"光碟片,週邊產品,記憶卡,儲存設備,硬碟相關"
2374,佳能,上市光電,"數位相機,數位相機組裝,光學鏡片/頭,手機鏡頭模組,光學元件,手機零組件"
2393,億光,上市光電,"LED,LED封裝,LED照明產品"
2406,國碩,上市光電,"太陽能,太陽能系統運用,太陽能導電漿"
2409,友達,上市光電,"面板業,中小尺吋面板,TFT-LCD,OLED,觸控面板"
2426,鼎元,上市光電,"LED,LED晶粒,MicroLED,分離式元件,二極體,電晶體,光通訊,光纖主動元件"
2429,銘旺科,上市光電,"面板零組件,玻璃基板加工"
2438,翔耀,上市光電,"面板零組件,玻璃基板加工"
2466,冠西電,上市光電,"LED,LED照明產品,光通訊,光纖被動元件"
2486,一詮,上市光電,"面板零組件,背光模組,LED,LED散熱基板,導線架,封測服務與材料"
2489,瑞軒,上市光電,"顯示器,LCD顯示器,家電,液晶電視"
2491,吉祥全,上市光電,"LED,LED照明產品"
3008,大立光,上市光電,"光學鏡片/頭,光學元件"
3019,亞光,上市光電,"傳產其他,光學,影像感測元件,數位相機,數位相機組裝,光學鏡片/頭,光學元件"
3024,憶聲,上市光電,"資產股,車用電子,車載影音系統,電器銷售,家電,地產,園區開發"
3031,佰鴻,上市光電,"LED,LED封裝,LED照明產品"
3038,全台,上市光電,"面板業,中小尺吋面板,LCM,觸控面板"
3049,精金,上市光電,"面板業,觸控面板"
3050,鈺德,上市光電,"光碟片,碟片預錄,太陽能,太陽能系統運用,旅宿／餐飲,休閒娛樂,餐飲"
3051,力特,上市光電,"面板零組件,偏光板"
3059,華晶科,上市光電,"診斷與監測用醫材,車用電子,影像感測元件,IC設計,影音IC,數位相機,數位相機組裝,光學鏡片/頭,手機鏡頭模組,光學元件,工業電腦,安全監控,手機零組件"
3149,正達,上市光電,"車用玻璃,汽車內裝,建材,玻璃,面板零組件,玻璃基板加工"
3168,眾福科,上市光電,"面板業,LCM"
3356,奇偶,上市光電,"工業電腦,安全監控"
3406,玉晶光,上市光電,"LED,LED照明產品,光學鏡片/頭,光學元件"
3437,榮創,上市光電,"LED,LED封裝"
3481,群創,上市光電,"面板業,中小尺吋面板,TFT-LCD,OLED,LED,MicroLED,觸控面板"
3504,揚明光,上市光電,"光學鏡片/頭,消費性電子產品,微投影機,光學元件,週邊產品,3D印表機"
3535,晶彩科,上市光電,"設備儀器商,面板設備"
3543,州巧,上市光電,"家居用品,模具沖壓,電子零件元件"
3563,牧德,上市光電,"PCB相關設備,IC檢測設備,設備儀器商,封測用設備"
3576,聯合再生,上市光電,"太陽能,太陽能電池,太陽能電池模組,太陽能系統運用"
3591,艾笛森,上市光電,"LED,LED封裝,LED照明產品"
3622,洋華,上市光電,"面板業,觸控面板,電線電纜,電纜連接件及配件"
3673,TPK-KY,上市光電,"面板業,面板零組件,導電玻璃,觸控面板"
3714,富采,上市光電,"控股公司,LED,LED晶粒,LED封裝,LED磊晶,LED照明產品,MicroLED"
4934,太極,上市光電,"太陽能,太陽能電池,太陽能電池模組"
4935,茂林-KY,上市光電,"面板零組件,模具沖壓,電子零件元件"
4942,嘉彰,上市光電,"模具沖壓,電子零件元件"
4949,有成精密,上市光電,"半導體製程設備,設備儀器商,太陽能,太陽能電池模組"
4956,光鋐,上市光電,"LED,LED晶粒,LED磊晶"
4960,誠美材,上市光電,"面板零組件,偏光板"
4976,佳凌,上市光電,"數位相機,數位相機組裝,光學鏡片/頭,光學元件"
5234,達興材料,上市光電,"光阻劑,半導體化學品"
5243,乙盛-KY,上市光電,"車用金屬成型,車用沖壓件,模具沖壓,電子零件元件"
5244,弘凱,上市光電,"LED,LED封裝"
5484,慧友,上市光電,"工業電腦,安全監控"
6116,彩晶,上市光電,"面板業,中小尺吋面板,TFT-LCD,觸控面板"
6120,達運,上市光電,"面板業,面板零組件,背光模組,LCM"
6164,華興,上市光電,"LED,LED封裝"
6168,宏齊,上市光電,"LED,LED封裝"
6176,瑞儀,上市光電,"面板零組件,背光模組"
6209,今國光,上市光電,"光學鏡片/頭,光學元件"
6225,天瀚,上市光電,"車用電子,行車紀錄器"
6226,光鼎,上市光電,"LED,LED封裝"
6278,台表科,上市光電,"LED,LED照明產品,電子製造服務,電腦系統業"
6405,悅城,上市光電,"面板零組件,玻璃基板加工"
6443,元晶,上市光電,"太陽能,太陽能電池,太陽能電池模組"
6456,GIS-KY,上市光電,"面板業,觸控面板"
6477,安集,上市光電,"電力,太陽能發電,太陽能,太陽能電池模組"
6668,中揚光,上市光電,"光學鏡片/頭,光學元件,機械零組件,模具"
6706,惠特,上市光電,"LED,MicroLED,半導體製程設備,設備儀器商,LED設備"
6742,澤米,上市光電,"面板零組件,光學膜"
6916,華凌,上市光電,"面板業,LCM"
8104,錸寶,上市光電,"工業用電池,面板業,OLED,電池"
8105,凌巨,上市光電,"面板業,LCM"
8215,明基材,上市光電,"面板零組件,偏光板"
3066,李洲,上櫃光電,"LED,LED封裝"
3128,昇銳,上櫃光電,"車用電子,倒車影像系統,工業電腦,安全監控"
3230,錦明,上櫃光電,"模具沖壓,電子零件元件"
3297,杭特,上櫃光電,"工業電腦,安全監控"
3339,泰谷,上櫃光電,"LED,LED晶粒,LED磊晶"
3362,先進光,上櫃光電,"光學鏡片/頭,光學元件"
3434,哲固,上櫃光電,"顯示器,工業電腦,安全監控"
3441,聯一光,上櫃光電,"傳產其他,光學,光學鏡片/頭,光學元件"
3455,由田,上櫃光電,"PCB相關設備,半導體製程設備,IC檢測設備,設備儀器商,面板設備"
3490,單井,上櫃光電,"半導體製程設備,設備儀器商,LED設備,太陽能,太陽能系統運用,封測用設備"
3516,亞帝歐,上櫃光電,"LED,LED照明產品,電子零件元件,連接線材"
3523,迎輝,上櫃光電,"面板零組件,光學膜"
3531,先益,上櫃光電,"面板零組件,背光模組"
3615,安可,上櫃光電,"合成橡膠,橡膠工業,面板零組件,導電玻璃"
3623,富晶通,上櫃光電,"面板業,觸控面板"
3630,新鉅科,上櫃光電,"光學鏡片/頭,光學元件"
3666,光耀,上櫃光電,"面板零組件,光學膜"
3691,碩禾,上櫃光電,"太陽能,太陽能電池模組,太陽能導電漿"
3718,中光電投控,上櫃光電,"控股公司,面板零組件,背光模組,顯示器,投影機"
4729,熒茂,上櫃光電,"面板業,觸控面板"
4933,友輝,上櫃光電,"面板零組件,光學膜"
4972,湯石照明,上櫃光電,"LED,LED照明產品,照明,家電"
4995,晶達,上櫃光電,"面板業,LCM,顯示器,LCD顯示器,主機板,電腦系統業"
5220,萬達光電,上櫃光電,"面板業,觸控面板"
5230,雷笛克光學,上櫃光電,"LED,LED照明產品,模具沖壓,電子零件元件"
5245,智晶,上櫃光電,"面板業,OLED"
5251,天鉞電,上櫃光電,"家居用品,鎖,工業電腦,安全監控"
5315,光聯,上櫃光電,"面板業,LCM"
5392,能率,上櫃光電,"汽機車零組件,控股公司,其他電子零件,電子零件元件,塑膠射出,機械零組件"
6222,立軒,上櫃光電,"住宅建設,營造工程"
6234,高僑,上櫃光電,"雷射鑽孔機、鑽頭,印刷電路板相關,設備儀器商"
6244,茂迪,上櫃光電,"太陽能,太陽能電池,太陽能電池模組"
6246,臺龍,上櫃光電,"面板零組件,背光模組"
6419,京晨科,上櫃光電,"工業電腦,安全監控"
6498,久禾光,上櫃光電,"光學鏡片/頭,光學元件"
6517,保勝光學,上櫃光電,"光學鏡片/頭,光學元件"
6556,勝品,上櫃光電,"工業電腦,安全監控"
6560,欣普羅,上櫃光電,"工業電腦,安全監控"
6859,伯特光,上櫃光電,"光學鏡片/頭,光學元件,機械零組件,模具"
6899,創為精密,上櫃光電,"面板業,觸控面板"
7402,邑錡,上櫃光電,"消費性電子產品,攝影設備"
7753,星亞,上櫃光電,"LED,LED照明產品,顯示器,數位看板"
8049,晶采,上櫃光電,"面板業,LCM"
8064,東捷,上櫃光電,"半導體製程設備,設備儀器商,LED設備,面板設備"
8069,元太,上櫃光電,"面板業,中小尺吋面板,電子紙"
8111,立碁,上櫃光電,"LED,LED封裝,LED照明產品"
8240,華宏,上櫃光電,"面板零組件,光學膜"
2314,台揚,上市通信網路,"網通設備,衛星通訊設備,小型衛星地面站,低雜訊降頻器"
2321,東訊,上市通信網路,"電話/傳真機,網通設備,消費性電子產品,智慧電網相關,電力設備"
2332,友訊,上市通信網路,"用戶端設備,無線網路設備系統(WLAN),網通設備,資安設備,網路交換器,工業電腦,安全監控"
2345,智邦,上市通信網路,"用戶端設備,網通設備,網路交換器"
2412,中華電,上市通信網路,"多軌道衛星,網通設備,電信/數據服務,通訊服務,衛星通訊服務,行動通訊"
2419,仲琦,上市通信網路,"用戶端設備,網通設備,接取設備,數據機,系統整合,軟體業"
2424,隴華,上市通信網路,"低軌道衛星,網通設備,通訊服務,衛星通訊服務"
2439,美律,上市通信網路,"藍牙耳機,電聲產品,耳機,微型揚聲器"
2444,兆勁,上市通信網路,"用戶端設備,無線網路設備系統(WLAN),網通設備,物聯網裝置"
2450,神腦,上市通信網路,"手機零售通路商,3C通路商,電子通路"
2455,全新,上市通信網路,"砷化鎵相關,第三類半導體,光通訊元件磊晶,IC製造"
2485,兆赫,上市通信網路,"網通設備,低雜訊降頻器,視訊轉換相關,消費性電子產品"
2498,宏達電,上市通信網路,"手機,手機製造,軟體業,虛擬實境,智慧型手機,消費性電子產品,穿戴式裝置"
3025,星通,上市通信網路,"網通設備,電信設備,光通訊,光纖設備"
3027,盛達,上市通信網路,"電力,太陽能發電,網通設備,接取設備,太陽能,太陽能系統運用,PV Inverter,重電設備,電力設備"
3045,台灣大,上市通信網路,"無店舖販售,電視購物,低軌道衛星,網通設備,電信/數據服務,通訊服務,Internet應用與服務,電商平台,衛星通訊服務,行動通訊"
3047,訊舟,上市通信網路,"用戶端設備,無線網路設備系統(WLAN),網通設備,區域網路"
3062,建漢,上市通信網路,"用戶端設備,無線網路設備系統(WLAN),網通設備,視訊轉換相關,消費性電子產品"
3138,耀登,上市通信網路,"網通設備,天線,設備儀器商,量測儀器"
3311,閎暉,上市通信網路,"汽機車零組件,穿戴式裝置"
3380,明泰,上市通信網路,"用戶端設備,無線網路設備系統(WLAN),網通設備,區域網路"
3419,譁裕,上市通信網路,"網通設備,天線,光通訊,光纖被動元件"
3447,展達,上市通信網路,"網通設備,接取設備,物聯網裝置,視訊轉換相關,消費性電子產品"
3596,智易,上市通信網路,"無線網路設備系統(WLAN),網通設備,5G通訊設備,4G通訊設備,視訊轉換相關,消費性電子產品"
3669,圓展,上市通信網路,"消費性電子產品,視訊會議產品"
3694,海華,上市通信網路,"網通設備,通訊設備零組件,光學鏡片/頭,光學元件"
3704,合勤控,上市通信網路,"控股公司,用戶端設備,無線網路設備系統(WLAN),網通設備,電信設備,接取設備,區域網路,光通訊,光纖設備"
4904,遠傳,上市通信網路,"低軌道衛星,網通設備,電信/數據服務,通訊服務,衛星通訊服務,行動通訊"
4906,正文,上市通信網路,"用戶端設備,無線網路設備系統(WLAN),網通設備"
4977,眾達-KY,上市通信網路,"光通訊,光纖主動元件"
5388,中磊,上市通信網路,"無線網路設備系統(WLAN),網通設備,接取設備,區域網路"
6136,富爾特,上市通信網路,"傳播事業,廣告,影音娛樂,手機零售通路商,電子通路"
6142,友勁,上市通信網路,"用戶端設備,網通設備,區域網路"
6152,百一,上市通信網路,"網通設備,低雜訊降頻器,視訊轉換相關,消費性電子產品"
6216,居易,上市通信網路,"用戶端設備,無線網路設備系統(WLAN),網通設備,接取設備"
6285,啟碁,上市通信網路,"車用電子,無線網路設備系統(WLAN),網通設備,衛星通訊設備,通訊設備零組件"
6416,瑞祺電通,上市通信網路,"用戶端設備,網通設備,資安設備"
6426,統新,上市通信網路,"光通訊,光纖零組件"
6442,光聖,上市通信網路,"連接器,電子零件元件,光通訊,光纖主動元件,光纖被動元件"
6674,鋐寶科技,上市通信網路,"用戶端設備,無線網路設備系統(WLAN),網通設備,接取設備"
6792,詠業,上市通信網路,"被動元件,MLCC,其他電子零件,電子零件元件,網通設備,天線"
6863,永道-KY,上市通信網路,"網通設備,RFID相關"
7689,大鵬科CLMX,上市通信網路,"工業電腦,安全監控"
8011,台通,上市通信網路,"光纖光纜,通訊服務,光通訊,光纖被動元件"
8045,達運光電,上市通信網路,"網通設備,接取設備,系統整合,軟體業,光通訊,光纖設備"
8101,華冠,上市通信網路,"手機,手機製造,平板電腦,消費性電子產品,穿戴式裝置,電子製造服務,電腦系統業"
3081,聯亞,上櫃通信網路,"砷化鎵相關,光通訊元件磊晶,IC製造"
3095,及成,上櫃通信網路,"模具沖壓,電子零件元件"
3152,璟德,上櫃通信網路,"網通設備,通訊設備零組件"
3163,波若威,上櫃通信網路,"光通訊,光纖被動元件"
3221,台嘉碩,上櫃通信網路,"被動元件,石英元件,濾波器,振盪器"
3234,光環,上櫃通信網路,"光通訊,光纖主動元件"
3306,鼎天,上櫃通信網路,"網通設備,衛星導航"
3363,上詮,上櫃通信網路,"光通訊,光纖被動元件"
3466,德晉,上櫃通信網路,"視訊轉換相關,消費性電子產品"
3491,昇達科,上櫃通信網路,"網通設備,天線,通訊設備零組件"
3499,環天科,上櫃通信網路,"網通設備,衛星導航"
3558,神準,上櫃通信網路,"用戶端設備,網通設備,接取設備,區域網路,網路交換器"
3564,其陽,上櫃通信網路,"用戶端設備,網通設備,資安設備"
3664,安瑞-KY,上櫃通信網路,"用戶端設備,網通設備,資安設備,資訊安全,系統整合,軟體業"
3672,康聯訊,上櫃通信網路,"光通訊,光纖設備"
3684,榮昌,上櫃通信網路,"電子零件元件,用戶端設備,無線網路設備系統(WLAN),網通設備,連接線材"
4903,聯光通,上櫃通信網路,"光纖光纜,光通訊"
4908,前鼎,上櫃通信網路,"光通訊,光纖主動元件"
4909,新復興,上櫃通信網路,"印刷電路板,印刷電路板相關"
4979,華星光,上櫃通信網路,"光通訊,光纖主動元件"
5353,台林,上櫃通信網路,"車用電子,用戶端設備,網通設備,半導體製程設備,設備儀器商,工業電腦"
6109,亞元,上櫃通信網路,"電源供應器,變壓器,電子零件元件"
6143,振曜,上櫃通信網路,"面板業,電子紙,消費性電子產品,電子書閱讀器"
6170,統振,上櫃通信網路,"金融其他,金融業,食品加工,保健食品,手機零售通路商,電子通路,時尚產業,美妝保養品"
6190,萬泰科,上櫃通信網路,"電子零件元件,連接線材"
6218,豪勉,上櫃通信網路,"半導體製程設備,系統整合,軟體業,設備儀器商"
6241,鑫永洋,上櫃通信網路,"用戶端設備,無線網路設備系統(WLAN),網通設備,區域網路"
6245,立端,上櫃通信網路,"用戶端設備,網通設備,資安設備"
6263,普萊德,上櫃通信網路,"用戶端設備,網通設備,區域網路,光通訊,光纖設備"
6417,韋僑,上櫃通信網路,"網通設備,RFID相關"
6465,威潤,上櫃通信網路,"網通設備,衛星導航"
6470,宇智,上櫃通信網路,"用戶端設備,無線網路設備系統(WLAN),網通設備"
6486,互動,上櫃通信網路,"系統整合,軟體業"
6530,創威,上櫃通信網路,"光通訊,光纖主動元件"
6546,正基,上櫃通信網路,"網通設備,通訊設備零組件"
6561,是方,上櫃通信網路,"電信/數據服務,通訊服務,雲端科技,Internet技術與基礎設施"
6588,東典光電,上櫃通信網路,"網通設備,物聯網裝置,光通訊,光纖零組件"
7717,萊德光電-KY,上櫃通信網路,"LED,LED照明產品,網通設備,通訊設備零組件,光通訊,光纖被動元件,光纖設備"
8034,榮群,上櫃通信網路,"網通設備,接取設備"
8048,德勝,上櫃通信網路,"光通訊,光纖設備"
8059,凱碩,上櫃通信網路,"用戶端設備,無線網路設備系統(WLAN),網通設備,數據機"
8089,康全電訊,上櫃通信網路,"用戶端設備,無線網路設備系統(WLAN),網通設備,接取設備,光通訊,光纖設備"
8097,常珵,上櫃通信網路,"用戶端設備,無線網路設備系統(WLAN),網通設備"
8176,智捷,上櫃通信網路,"用戶端設備,無線網路設備系統(WLAN),網通設備"
1471,首利,上市電子零組件,"電源供應器,機殼,電子零件元件"
1582,信錦,上市電子零組件,"樞紐,電子零件元件"
2059,川湖,上市電子零組件,"其他電子零件,電子零件元件"
2308,台達電,上市電子零組件,"UPS,車用電子,車用鋰電池,LED,LED照明產品,電源供應器,變壓器,無線充電,被動元件,晶片電阻,電感,其他電子零件,散熱風扇馬達,電子零件元件,散熱模組,顯示器,網通設備,系統整合,軟體業,雲端科技,Internet技術與基礎設施,電池,太陽能,PV Inverter,車用充電相關,機器人,充電?.."
2313,華通,上市電子零組件,"軟板,印刷電路板,印刷電路板相關,HDI板"
2316,楠梓電,上市電子零組件,"印刷電路板,印刷電路板相關,電子製造服務,電腦系統業"
2327,國巨*,上市電子零組件,"被動元件,MLCC,晶片電阻,電容,電感,鉭質電解電容"
2328,廣宇,上市電子零組件,"連接器,電子零件元件,連接線材,電子製造服務,電腦系統業"
2355,敬鵬,上市電子零組件,"印刷電路板,印刷電路板相關"
2367,燿華,上市電子零組件,"印刷電路板,印刷電路板相關"
2368,金像電,上市電子零組件,"印刷電路板,印刷電路板相關,HDI板"
2375,凱美,上市電子零組件,"被動元件,晶片電阻,鋁質電解電容,散熱風扇馬達,散熱模組"
2383,台光電,上市電子零組件,"銅箔基板,印刷電路板相關"
2385,群光,上市電子零組件,"電源供應器,電子零件元件,鍵盤,週邊產品,電競週邊"
2392,正崴,上市電子零組件,"工業用電池,車用鋰電池,電源供應器,連接器,消費用電池,電子零件元件,3C通路商,電子通路,電池,週邊產品,連接線材"
2402,毅嘉,上市電子零組件,"其他電子零件,電子零件元件,軟板,印刷電路板相關"
2413,環科,上市電子零組件,"電源供應器,變壓器,被動元件,電感,電子零件元件,電子製造服務,電腦系統業"
2415,錩新,上市電子零組件,"證券,金融業,其他電子零件,電子零件元件,音響設備及零件"
2420,新巨,上市電子零組件,"電源供應器,電子零件元件,程式開關"
2421,建準,上市電子零組件,"散熱風扇馬達,散熱模組"
2428,興勤,上市電子零組件,"被動元件,熱敏電阻,壓敏電阻"
2431,聯昌,上市電子零組件,"電源供應器,電子零件元件"
2440,太空梭,上市電子零組件,"電線電纜,裸銅線"
2457,飛宏,上市電子零組件,"電源供應器,電子零件元件,充電樁,電力設備"
2460,建通,上市電子零組件,"其他電子零件,電子零件元件"
2462,良得電,上市電子零組件,"電子零件元件,連接線材"
2467,志聖,上市電子零組件,"PCB相關設備,半導體製程設備,設備儀器商,面板設備"
2472,立隆電,上市電子零組件,"被動元件,鋁質電解電容,被動元件上游"
2476,鉅祥,上市電子零組件,"模具沖壓,電子零件元件"
2478,大毅,上市電子零組件,"被動元件,晶片電阻"
2483,百容,上市電子零組件,"連接器,其他電子零件,電子零件元件,導線架,程式開關,封測服務與材料,電機,電氣零件與設備,電力設備"
2484,希華,上市電子零組件,"被動元件,石英元件,濾波器,振盪器"
2492,華新科,上市電子零組件,"被動元件,MLCC,晶片電阻,電容"
2493,揚博,上市電子零組件,"PCB相關設備,半導體材料通路商,電子通路,設備儀器商,面板設備"
3003,健和興,上市電子零組件,"汽機車零組件,汽車端子,連接器,其他電子零件,電子零件元件"
3011,今皓,上市電子零組件,"電子零件元件,連接線材"
3015,全漢,上市電子零組件,"電源供應器,電子零件元件"
3021,鴻名,上市電子零組件,"電子零件元件,系統整合,軟體業,連接線材"
3023,信邦,上市電子零組件,"連接器,電子零件元件,連接線材"
3026,禾伸堂,上市電子零組件,"被動元件,MLCC,鋁質電解電容,IC零組件通路商,電子元件代理商,電子通路"
3032,偉訓,上市電子零組件,"伺服器機殼,電源供應器,機殼,電子零件元件,週邊產品,電競週邊"
3037,欣興,上市電子零組件,"印刷電路板,印刷電路板相關,HDI板,IC基板,封測服務與材料,BGA基板,ABF載板"
3042,晶技,上市電子零組件,"被動元件,石英元件,振盪器"
3044,健鼎,上市電子零組件,"印刷電路板,印刷電路板相關,HDI板"
3058,立德,上市電子零組件,"電源供應器,變壓器,電子零件元件"
3090,日電貿,上市電子零組件,"被動元件,MLCC,電容,鋁質電解電容,電子元件代理商,電子通路"
3092,鴻碩,上市電子零組件,"電子零件元件,連接線材"
3229,晟鈦,上市電子零組件,"PCB材料,印刷電路板,印刷電路板相關"
3296,勝德,上市電子零組件,"電源供應器,電子零件元件"
3308,聯德,上市電子零組件,"電源供應器,電子零件元件"
3321,同泰,上市電子零組件,"軟板,印刷電路板相關"
3338,泰碩,上市電子零組件,"散熱模組,伺服器用散熱模組,筆記型電腦用散熱模組"
3376,新日興,上市電子零組件,"模具沖壓,樞紐,電子零件元件"
3432,台端,上市電子零組件,"車輛整車,自行車,連接器,電子零件元件"
3501,維熹,上市電子零組件,"電子零件元件,連接線材"
3533,嘉澤,上市電子零組件,"電子零件元件,CPU Socket"
3550,聯穎,上市電子零組件,"電子零件元件,連接線材"
3593,力銘,上市電子零組件,"機殼,電子零件元件,塑膠射出"
3605,宏致,上市電子零組件,"連接器,其他電子零件,電子零件元件,連接線材"
3607,谷崧,上市電子零組件,"機殼,電子零件元件,塑膠射出"
3645,達邁,上市電子零組件,"印刷電路板相關,軟板PI"
3653,健策,上市電子零組件,"散熱模組,導線架,封測服務與材料,其他散熱零件"
3679,新至陞,上市電子零組件,"機殼,電子零件元件,塑膠射出"
3715,定穎投控,上市電子零組件,"控股公司,印刷電路板,印刷電路板相關"
4545,銘鈺,上市電子零組件,"其他電子零件,模具沖壓,電子零件元件,自動化設備,產業機械"
4912,聯德控股-KY,上市電子零組件,"車用金屬成型,車用沖壓件,模具沖壓,電子零件元件"
4915,致伸,上市電子零組件,"車用電子,週邊產品,電聲產品,電競週邊"
4927,泰鼎-KY,上市電子零組件,"印刷電路板,印刷電路板相關"
4943,康控-KY,上市電子零組件,"汽機車零組件,控股公司,連接器,電子零件元件,電聲產品"
4958,臻鼎-KY,上市電子零組件,"軟板,印刷電路板,印刷電路板相關,HDI板,封測服務與材料,BGA基板,ABF載板"
4989,榮科,上市電子零組件,"銅箔,印刷電路板相關"
4999,鑫禾,上市電子零組件,"樞紐,電子零件元件"
5469,瀚宇博,上市電子零組件,"印刷電路板,印刷電路板相關,電子製造服務,電腦系統業"
6108,競國,上市電子零組件,"印刷電路板,印刷電路板相關"
6115,鎰勝,上市電子零組件,"電子零件元件,連接線材"
6133,金橋,上市電子零組件,"電子零件元件,連接線材"
6141,柏承,上市電子零組件,"印刷電路板,印刷電路板相關"
6153,嘉聯益,上市電子零組件,"軟板,印刷電路板相關"
6155,鈞寶,上市電子零組件,"被動元件,電感,被動元件上游"
6191,精成科,上市電子零組件,"印刷電路板,印刷電路板相關,電子製造服務,電腦系統業"
6197,佳必琪,上市電子零組件,"連接器,電子零件元件"
6205,詮欣,上市電子零組件,"連接器,電子零件元件,連接線材"
6213,聯茂,上市電子零組件,"軟板基板,銅箔基板,印刷電路板相關"
6224,聚鼎,上市電子零組件,"LED,LED散熱基板,被動元件,熱敏電阻"
6269,台郡,上市電子零組件,"軟板,印刷電路板相關"
6272,驊陞,上市電子零組件,"汽機車零組件,車用電子,連接器,電子零件元件,連接線材"
6282,康舒,上市電子零組件,"電源供應器,電子零件元件"
6412,群電,上市電子零組件,"電源供應器,電子零件元件"
6449,鈺邦,上市電子零組件,"被動元件,鋁質電解電容"
6672,騰輝電子-KY,上市電子零組件,"LED,LED散熱基板,銅箔基板,印刷電路板相關"
6715,嘉基,上市電子零組件,"電子零件元件,連接線材,傳輸介面,Thunderbolt"
6781,AES-KY,上市電子零組件,"車用鋰電池,電池,儲能設備"
6805,富世達,上市電子零組件,"樞紐,電子零件元件"
6834,天二科技,上市電子零組件,"被動元件,晶片電阻"
6835,圓裕,上市電子零組件,"電子零件元件,軟板,印刷電路板相關,連接線材"
6862,三集瑞-KY,上市電子零組件,"被動元件,電感"
7788,松川精密,上市電子零組件,"汽機車零組件,電氣零件與設備,電力設備"
7795,長廣,上市電子零組件,"PCB相關設備,設備儀器商"
8039,台虹,上市電子零組件,"軟板基板,印刷電路板相關"
8046,南電,上市電子零組件,"印刷電路板,印刷電路板相關,HDI板,IC基板,封測服務與材料"
8103,瀚荃,上市電子零組件,"連接器,電子零件元件,連接線材"
8213,志超,上市電子零組件,"印刷電路板,印刷電路板相關"
8249,菱光,上市電子零組件,"影像感測元件,數位相機"
1336,台翰,上櫃電子零組件,"電子零件元件,塑膠射出"
1815,富喬,上櫃電子零組件,"玻纖布,印刷電路板相關"
3078,僑威,上櫃電子零組件,"電源供應器,電子零件元件"
3114,好德,上櫃電子零組件,"連接器,電子零件元件,電子元件代理商,電子通路,連接線材"
3115,富榮綱,上櫃電子零組件,"非鐵金屬,銅,鋁"
3191,雲嘉南,上櫃電子零組件,"變壓器,電子零件元件"
3206,志豐,上櫃電子零組件,"受話器,電聲產品,耳機,麥克風"
3207,耀勝,上櫃電子零組件,"車用電子,變壓器,被動元件,電感,電子零件元件"
3217,優群,上櫃電子零組件,"連接器,電子零件元件"
3236,千如,上櫃電子零組件,"被動元件,電感"
3276,宇環,上櫃電子零組件,"印刷電路板,印刷電路板相關"
3288,點晶,上櫃電子零組件,"馬達IC,類比IC,IC設計,LED驅動IC"
3290,東浦,上櫃電子零組件,"機殼,電子零件元件,塑膠射出"
3294,英濟,上櫃電子零組件,"機殼,電子零件元件,塑膠射出"
3310,佳穎,上櫃電子零組件,"車用金屬成型,車用沖壓件,模具沖壓,電子零件元件,營建,地產"
3322,建舜電,上櫃電子零組件,"連接器,電子零件元件,連接線材"
3332,幸康,上櫃電子零組件,"電源供應器,電子零件元件"
3354,律勝,上櫃電子零組件,"軟板基板,印刷電路板相關"
3357,臺慶科,上櫃電子零組件,"被動元件,電感"
3388,崇越電,上櫃電子零組件,"化學產品通路,化學工業"
3390,旭軟,上櫃電子零組件,"軟板,印刷電路板相關"
3484,崧騰,上櫃電子零組件,"其他電子零件,電子零件元件"
3485,敘豐,上櫃電子零組件,"PCB相關設備,設備儀器商"
3492,長盛,上櫃電子零組件,"連接器,電子零件元件,連接線材"
3511,矽瑪,上櫃電子零組件,"連接器,電子零件元件"
3520,華盈,上櫃電子零組件,"電子零件元件,連接線材,電子製造服務,電腦系統業"
3526,凡甲,上櫃電子零組件,"連接器,電子零件元件"
3537,堡達,上櫃電子零組件,"被動元件,電容,電阻,電感,電子元件代理商,電子通路"
3548,兆利,上櫃電子零組件,"樞紐,電子零件元件"
3597,映興,上櫃電子零組件,"電子零件元件,電子元件代理商,電子通路,連接線材"
3609,三一東林,上櫃電子零組件,汽車服務相關
3624,光頡,上櫃電子零組件,"被動元件,晶片電阻,電阻"
3631,晟楠,上櫃電子零組件,"金、錫凸塊,封測服務與材料"
3646,艾恩特,上櫃電子零組件,"連接器,電子零件元件,連接線材"
3689,湧德,上櫃電子零組件,"連接器,電子零件元件"
3710,連展投控,上櫃電子零組件,"控股公司,連接器,電子零件元件,網通設備,天線,光通訊,連接線材,光纖主動元件,光纖被動元件,車用充電相關,電力設備"
4542,科嶠,上櫃電子零組件,"PCB相關設備,半導體製程設備,設備儀器商"
4939,亞電,上櫃電子零組件,"軟板基板,印刷電路板相關"
4974,亞泰,上櫃電子零組件,"影像感測元件,數位相機"
5227,立凱-KY,上櫃電子零組件,"電池材料相關,正極材料"
5228,鈺鎧,上櫃電子零組件,"被動元件,電感"
5291,邑昇,上櫃電子零組件,"印刷電路板,印刷電路板相關,自行車零件,產業機械"
5309,系統電,上櫃電子零組件,"UPS,工業用電池,車用電子,胎壓監測系統,車用鋰電池,電源供應器,電子零件元件,電池"
5328,華容,上櫃電子零組件,"被動元件,塑膠薄膜電容"
5340,建榮,上櫃電子零組件,"玻纖布,印刷電路板相關"
5355,佳總,上櫃電子零組件,"印刷電路板,印刷電路板相關"
5439,高技,上櫃電子零組件,"印刷電路板,印刷電路板相關"
5457,宣德,上櫃電子零組件,"連接器,電子零件元件,連接線材,電子製造服務,電腦系統業"
5460,同協,上櫃電子零組件,"模具沖壓,電子零件元件"
5464,霖宏,上櫃電子零組件,"印刷電路板,印刷電路板相關"
5475,德宏,上櫃電子零組件,"玻纖布,印刷電路板相關"
5488,松普,上櫃電子零組件,"電子零件元件,連接線材"
5498,凱崴,上櫃電子零組件,"雷射鑽孔機、鑽頭,印刷電路板相關,電子製造服務,電腦系統業"
6114,久威,上櫃電子零組件,"印刷電路板,印刷電路板相關,電子元件代理商,電子通路"
6124,業強,上櫃電子零組件,"散熱模組,熱導管"
6126,信音,上櫃電子零組件,"連接器,電子零件元件"
6127,九豪,上櫃電子零組件,"被動元件,被動元件上游"
6134,萬旭,上櫃電子零組件,"電子零件元件,網通設備,天線,連接線材"
6156,松上,上櫃電子零組件,"變壓器,電子零件元件,印刷電路板,印刷電路板相關"
6158,禾昌,上櫃電子零組件,"連接器,電子零件元件"
6174,安碁,上櫃電子零組件,"被動元件,石英元件,濾波器,振盪器"
6175,立敦,上櫃電子零組件,"被動元件,被動元件上游"
6185,幃翔,上櫃電子零組件,"連接器,電子零件元件"
6194,育富,上櫃電子零組件,"印刷電路板,印刷電路板相關"
6203,海韻電,上櫃電子零組件,"電源供應器,電子零件元件"
6204,艾華,上櫃電子零組件,"被動元件,電阻"
6207,雷科,上櫃電子零組件,"其他電子零件,電子零件元件,設備儀器商,封測用設備"
6210,慶生,上櫃電子零組件,"印刷電路板,印刷電路板相關"
6217,中探針,上櫃電子零組件,"探針、探針卡,封測服務與材料"
6220,岳豐,上櫃電子零組件,"電子零件元件,連接線材"
6259,百徽,上櫃電子零組件,"磁性元件,被動元件,電感,電子零件元件,電子元件代理商,電子通路,分離式元件,電晶體"
6266,泰詠,上櫃電子零組件,"電子製造服務,電腦系統業"
6274,台燿,上櫃電子零組件,"銅箔基板,印刷電路板相關"
6275,元山,上櫃電子零組件,"散熱風扇馬達,散熱模組,其他散熱零件,小家電,家電"
6279,胡連,上櫃電子零組件,"汽機車零組件,汽車端子,連接器,電子零件元件"
6284,佳邦,上櫃電子零組件,"其他電子零件,電子零件元件,網通設備,天線"
6290,良維,上櫃電子零組件,"電子零件元件,連接線材"
6292,迅德,上櫃電子零組件,"變壓器,電子零件元件"
6418,詠昇,上櫃電子零組件,"連接器,電子零件元件,連接線材"
6432,今展科,上櫃電子零組件,"被動元件,電感,壓敏電阻,IC零組件通路商,電子通路"
6538,倉和,上櫃電子零組件,電子其他
6584,南俊國際,上櫃電子零組件,"其他電子零件,電子零件元件"
6597,立誠,上櫃電子零組件,"LED,LED散熱基板"
6642,富致,上櫃電子零組件,"被動元件,熱敏電阻"
6664,群翊,上櫃電子零組件,"PCB相關設備,半導體製程設備,設備儀器商"
6727,亞泰金屬,上櫃電子零組件,"PCB相關設備,設備儀器商"
6761,穩得,上櫃電子零組件,"被動元件,檢測驗證服務,電子元件代理商,電子通路,設備儀器商"
6821,聯寶,上櫃電子零組件,"變壓器,無線充電,電子零件元件"
6913,鴻呈,上櫃電子零組件,"電子零件元件,連接線材"
6967,汎瑋材料,上櫃電子零組件,"其他電子零件,電子零件元件,電子元件代理商,電子通路"
7744,崴寶,上櫃電子零組件,"模具沖壓,電子零件元件"
8038,長園科,上櫃電子零組件,"工業用電池,電池,儲能設備,鋰電池"
8042,金山電,上櫃電子零組件,"被動元件,鋁質電解電容"
8043,蜜望實,上櫃電子零組件,"被動元件,MLCC,電感,電子元件代理商,電子通路"
8071,能率網通,上櫃電子零組件,"隱形眼鏡,輔助與彌補用醫材,模具沖壓,電子零件元件,電子元件代理商,電子通路"
8074,鉅橡,上櫃電子零組件,"PCB材料,印刷電路板相關"
8093,保銳,上櫃電子零組件,"電源供應器,散熱風扇馬達,電子零件元件,散熱模組"
8109,博大,上櫃電子零組件,"電源供應器,電子零件元件"
8121,越峰,上櫃電子零組件,"被動元件,被動元件上游"
8147,正淩,上櫃電子零組件,"連接器,電子零件元件"
8155,博智,上櫃電子零組件,"印刷電路板,印刷電路板相關"
8182,加高,上櫃電子零組件,"被動元件,石英元件,振盪器"
8289,泰藝,上櫃電子零組件,"被動元件,振盪器"
8291,尚茂,上櫃電子零組件,"銅箔基板,印刷電路板相關"
8358,金居,上櫃電子零組件,"銅箔,印刷電路板相關"
2347,聯強,上市電子通路,"電腦通路商,手機零售通路商,IC零組件通路商,電子元件代理商,電子通路"
2414,精技,上市電子通路,"電腦通路商,電子通路"
2430,燦坤,上市電子通路,"3C通路商,電子通路,電器銷售,家電"
3010,華立,上市電子通路,"電子元件代理商,半導體材料通路商,電子通路"
3028,增你強,上市電子通路,"IC零組件通路商,電子元件代理商,電子通路"
3033,威健,上市電子通路,"IC零組件通路商,電子通路"
3036,文曄,上市電子通路,"IC零組件通路商,電子通路"
3048,益登,上市電子通路,"IC零組件通路商,電子通路"
3054,立萬利,上市電子通路,"生物科技,食品生技,非揮發性記憶體,DRAM,IC零組件通路商,電子通路,IC製造"
3055,蔚華科,上市電子通路,"半導體製程設備,設備儀器商,封測用設備"
3209,全科,上市電子通路,"無線網路IC,類比IC,IC設計,網路通訊IC,IC零組件通路商,電子通路,光通訊IC"
3312,弘憶股,上市電子通路,"IC零組件通路商,電子通路"
3528,安馳,上市電子通路,"IC零組件通路商,電子通路"
3702,大聯大,上市電子通路,"控股公司,IC零組件通路商,電子通路"
5434,崇越,上市電子通路,"半導體材料通路商,電子通路,營造工程,環保工程"
6189,豐藝,上市電子通路,"顯示器,IC零組件通路商,電子元件代理商,電子通路"
6281,全國電,上市電子通路,"3C通路商,電子通路,電器銷售,家電"
6776,展碁國際,上市電子通路,"電腦通路商,3C通路商,電子通路,軟體業,軟體通路／代理,遊戲機,遊戲產業,電器銷售,家電"
8070,長華*,上市電子通路,"導線架,半導體材料通路商,電子通路,封測服務與材料"
8072,陞泰,上市電子通路,"IC零組件通路商,電子通路,工業電腦,安全監控"
8112,至上,上市電子通路,"IC零組件通路商,電子元件代理商,電子通路"
3224,三顧,上櫃電子通路,"連接器,電子零件元件,電子元件代理商,電子通路"
3232,昱捷,上櫃電子通路,"IC零組件通路商,電子通路,分離式元件"
3360,尚立,上櫃電子通路,"影像感測元件,IC零組件通路商,電子通路,數位相機"
3444,利機,上櫃電子通路,"電子元件代理商,半導體材料通路商,電子通路"
6113,亞矽,上櫃電子通路,"IC零組件通路商,電子通路"
6118,建達,上櫃電子通路,"電腦通路商,電子通路"
6154,順發,上櫃電子通路,"3C通路商,電子通路"
6227,茂綸,上櫃電子通路,"IC零組件通路商,電子通路,軟體業,軟體通路／代理"
6265,方土昶,上櫃電子通路,"非揮發性記憶體,DRAM,IC零組件通路商,電子通路,IC製造"
6270,倍微,上櫃電子通路,"IC零組件通路商,電子通路"
6474,華豫寧,上櫃電子通路,"家居用品,鎖,類比IC,IC設計,MCU,系統整合,IC零組件通路商,電子通路,軟體業"
8032,光菱,上櫃電子通路,"IC零組件通路商,電子元件代理商,電子通路"
8067,志旭,上櫃電子通路,"電腦通路商,電子通路,時尚產業,美妝保養品"
8068,全達,上櫃電子通路,"IC零組件通路商,電子通路"
8084,巨虹,上櫃電子通路,"輔助與彌補用醫材,電子元件代理商,電子通路,旅宿／餐飲,餐飲"
8096,擎亞,上櫃電子通路,"IC零組件通路商,電子元件代理商,電子通路"
2427,三商電,上市資訊服務,"傳產其他,金融機具,系統整合,軟體業"
2453,凌群,上市資訊服務,"系統整合,軟體業,雲端科技,Internet技術與基礎設施"
2468,華經,上市資訊服務,"系統整合,軟體業"
2471,資通,上市資訊服務,"系統整合,軟體業,企業資源規劃,客戶關係管理,應用軟體"
2480,敦陽科,上市資訊服務,"資訊安全,系統整合,軟體業,雲端科技,Internet技術與基礎設施"
3029,零壹,上市資訊服務,"資訊安全,系統整合,軟體業,軟體通路／代理,雲端科技,Internet技術與基礎設施"
4994,傳奇,上市資訊服務,"PC遊戲,遊戲產業,手機遊戲,遊戲開發商"
5203,訊連,上市資訊服務,"軟體業,套裝軟體,應用軟體,雲端科技,Internet技術與基礎設施,生物辨識相關,人臉辨識"
6112,邁達特,上市資訊服務,"系統整合,軟體業,軟體通路／代理"
6183,關貿,上市資訊服務,"系統整合,軟體業,Internet技術與基礎設施,電商服務"
6214,精誠,上市資訊服務,"系統整合,軟體業,軟體通路／代理,雲端科技,Internet技術與基礎設施"
3147,大綜,上櫃資訊服務,"系統整合,電腦通路商,電子通路,軟體業"
3158,嘉實,上櫃資訊服務,"系統整合,軟體業,應用軟體"
3570,大塚,上櫃資訊服務,"系統整合,軟體業,套裝軟體,軟體通路／代理"
4953,緯致,上櫃資訊服務,"軟體業,雲端科技,Internet技術與基礎設施"
5201,凱衛,上櫃資訊服務,"系統整合,軟體業"
5202,力新,上櫃資訊服務,"醫療器材通路,醫藥流通,軟體業,套裝軟體"
5210,寶碩,上櫃資訊服務,"系統整合,軟體業"
5211,蒙恬,上櫃資訊服務,"掃瞄器,軟體業,虛擬實境,週邊產品,手寫板"
5212,凌網,上櫃資訊服務,"系統整合,軟體業,消費性電子產品,電子書閱讀器"
5310,天剛,上櫃資訊服務,"系統整合,軟體業,遊戲產業,手機遊戲"
5403,中菲,上櫃資訊服務,"系統整合,軟體業"
5410,國眾,上櫃資訊服務,"傳產其他,金融機具,系統整合,軟體業,企業資源規劃"
6123,上奇,上櫃資訊服務,"電子元件代理商,電子通路,軟體業,軟體通路／代理"
6140,訊達,上櫃資訊服務,"系統整合,軟體業,企業資源規劃"
6148,驊宏資,上櫃資訊服務,"系統整合,電腦通路商,電子通路,軟體業"
6163,華電網,上櫃資訊服務,"系統整合,軟體業,企業資源規劃"
6221,晉泰,上櫃資訊服務,"系統整合,軟體業,軟體通路／代理,雲端科技,Internet技術與基礎設施"
6231,系微,上櫃資訊服務,"IC設計,軟體業,BIOS"
6240,松崗,上櫃資訊服務,"系統整合,軟體業,地產,物業投資發展"
6516,勤崴國際,上櫃資訊服務,"軟體業,應用軟體"
6590,普鴻,上櫃資訊服務,"資訊安全,系統整合,電子支付,軟體業"
6593,台灣銘板,上櫃資訊服務,"傳產其他,電子其他,智慧卡相關"
6697,東捷資訊,上櫃資訊服務,"軟體業,企業資源規劃,客戶關係管理"
6751,智聯服務,上櫃資訊服務,"系統整合,軟體業"
6752,叡揚,上櫃資訊服務,"軟體業,企業資源規劃,應用軟體"
6791,虎門科技,上櫃資訊服務,"系統整合,軟體業,企業資源規劃"
6874,倍力,上櫃資訊服務,"軟體業,軟體通路／代理"
6884,海柏特,上櫃資訊服務,"服務業,商業服務／顧問"
7767,仁大資訊,上櫃資訊服務,"系統整合,軟體業"
7819,精誠金融,上櫃資訊服務,"電子支付,軟體業,應用軟體"
8099,大世科,上櫃資訊服務,"系統整合,軟體業,雲端科技,Internet技術與基礎設施"
8272,全景軟體,上櫃資訊服務,"資訊安全,軟體業"
8284,三竹,上櫃資訊服務,"系統整合,軟體業,應用軟體"
8416,實威,上櫃資訊服務,"軟體業,軟體通路／代理,週邊產品,3D印表機"
2312,金寶,上市其他電子,"車用電子,桌上型電腦,筆記型電腦製造,網通設備,手機,手機製造,視訊轉換相關,消費性電子產品,週邊產品,印表機,工業電腦,硬碟相關,POS機系統,穿戴式裝置,電子製造服務,電腦系統業,家電"
2317,鴻海,上市其他電子,"電動車,車輛整車,車用電子,連接器,電子零件元件,桌上型電腦,伺服器,筆記型電腦製造,顯示器,網通設備,衛星通訊設備,手機,手機製造,雲端科技,Internet技術與基礎設施,視訊轉換相關,遊戲機,平板電腦,語音助理,消費性電子產品,週邊產品,印表機,AI伺服器,ASIC伺服器,電子書閱?.."
2354,鴻準,上市其他電子,"電子零件元件,散熱模組,鎂鋁合金,電子製造服務,筆記型電腦用散熱模組,電腦系統業"
2359,所羅門,上市其他電子,"面板業,LCM,電子元件代理商,電子通路,軟體業,電機,自動化設備,機器人,協作機器人,產業機械,電力設備"
2360,致茂,上市其他電子,"半導體製程設備,設備儀器商,量測儀器"
2373,震旦行,上市其他電子,"家居用品,辦公室傢俱,電子其他,辦公用品設備"
2390,云辰,上市其他電子,"系統整合,軟體業,工業電腦,安全監控"
2404,漢唐,上市其他電子,"電子其他,廠務工程"
2423,固緯,上市其他電子,"設備儀器商,量測儀器"
2433,互盛電,上市其他電子,"電子其他,事務機器,辦公用品設備"
2459,敦吉,上市其他電子,"檢測驗證服務,電子元件代理商,電子通路,設備儀器商"
2461,光群雷,上市其他電子,"面板零組件,光學膜,電子其他"
2464,盟立,上市其他電子,"半導體製程設備,設備儀器商,面板設備,自動化設備,機器人,產業機械"
2474,可成,上市其他電子,"電子零件元件,鎂鋁合金"
2477,美隆電,上市其他電子,"電子零件元件,音響設備及零件"
2482,連宇,上市其他電子,"週邊產品,IC讀卡機"
2488,漢平,上市其他電子,"電子零件元件,音響設備及零件"
3018,隆銘綠能,上市其他電子,"電子其他,廠務工程,營建,地產"
3030,德律,上市其他電子,"PCB相關設備,IC檢測設備,設備儀器商,封測用設備"
3043,科風,上市其他電子,"UPS,電子零件元件"
3305,昇貿,上市其他電子,"PCB材料,金、錫凸塊,印刷電路板相關,封測服務與材料"
3518,柏騰,上市其他電子,"機殼表面處理,電子零件元件"
3617,碩天,上市其他電子,"UPS,電子零件元件,週邊產品"
3665,貿聯-KY,上市其他電子,"連接器,電子零件元件,連接線材,電線電纜,電子線"
4585,達明,上市其他電子,"機器人,協作機器人,機器手臂"
4588,玖鼎電力,上市其他電子,"智慧電網相關,儀表,產業機械,電力設備"
5225,東科-KY,上市其他電子,"電子零件元件,音響設備及零件"
6139,亞翔,上市其他電子,"電子其他,廠務工程"
6192,巨路,上市其他電子,"電子元件代理商,電子通路,設備儀器商,儀表,產業機械"
6196,帆宣,上市其他電子,"電子其他,半導體製程設備,系統整合,軟體業,設備儀器商,廠務工程"
6201,亞弘電,上市其他電子,"電子零件元件,音響設備及零件,小家電,家電"
6215,和椿,上市其他電子,"機械零組件,自動化設備,機器人,叉車／輸送設備,軸承,產業機械"
6283,淳安,上市其他電子,"車輛整車,客貨車輛相關,車用電子,鍵盤,光學鏡片/頭,光學元件,週邊產品"
6409,旭隼,上市其他電子,"UPS,電子零件元件,太陽能,PV Inverter"
6438,迅得,上市其他電子,"PCB相關設備,半導體製程設備,設備儀器商"
6558,興能高,上市其他電子,"消費用電池,電池"
6658,聯策,上市其他電子,"PCB相關設備,半導體製程設備,設備儀器商"
6691,洋基工程,上市其他電子,"電子其他,廠務工程"
6698,旭暉應材,上市其他電子,"其他電子零件,電子零件元件,半導體製程設備,設備儀器商"
6722,輝創,上市其他電子,"車用電子,倒車雷達"
6743,安普新,上市其他電子,"藍牙耳機,電聲產品,耳機"
6830,汎銓,上市其他電子,"檢測驗證服務,設備儀器商"
8021,尖點,上市其他電子,"雷射鑽孔機、鑽頭,印刷電路板相關,電子製造服務,電腦系統業"
8201,無敵,上市其他電子,"車用電子,系統整合,軟體業,雲端科技,Internet技術與基礎設施,消費性電子產品"
8499,鼎炫-KY,上市其他電子,"其他電子零件,電子零件元件,儀表,產業機械"
1785,光洋科,上櫃其他電子,"傳產其他,循環經濟,其他半導體耗材,IC製造,貴金屬"
3093,港建*,上櫃其他電子,"PCB相關設備,設備儀器商,封測用設備"
3219,倚強科,上櫃其他電子,設備儀器商
3285,微端,上櫃其他電子,"面板業,LCM,電子零件元件,音響設備及零件"
3289,宜特,上櫃其他電子,"檢測驗證服務,設備儀器商"
3303,岱稜,上櫃其他電子,電子其他
3324,雙鴻,上櫃其他電子,"散熱模組,伺服器用散熱模組,筆記型電腦用散熱模組"
3373,熱映,上櫃其他電子,"體溫計,診斷與監測用醫材,設備儀器商,量測儀器,儀表,產業機械"
3402,漢科,上櫃其他電子,"電子其他,半導體製程設備,設備儀器商,廠務工程"
3465,進泰電子,上櫃其他電子,"電子零件元件,音響設備及零件"
3498,陽程,上櫃其他電子,"PCB相關設備,設備儀器商,自動化設備,產業機械"
3508,位速,上櫃其他電子,"機殼表面處理,電子零件元件"
3541,西柏,上櫃其他電子,"視訊轉換相關,消費性電子產品"
3552,同致,上櫃其他電子,"車用電子,倒車雷達,倒車影像系統"
3580,友威科,上櫃其他電子,"半導體製程設備,設備儀器商"
3587,閎康,上櫃其他電子,"檢測驗證服務,設備儀器商"
3628,盈正,上櫃其他電子,"UPS,電子零件元件,配電工程,電力設備"
3663,鑫科,上櫃其他電子,"傳產其他,循環經濟,其他半導體耗材,IC製造"
4554,橙的,上櫃其他電子,"車用電子,胎壓監測系統"
4577,達航科技,上櫃其他電子,"雷射鑽孔機、鑽頭,PCB相關設備,印刷電路板相關,設備儀器商,電子製造服務,電腦系統業"
4760,勤凱,上櫃其他電子,"被動元件,被動元件上游,太陽能,太陽能導電漿"
5452,佶優,上櫃其他電子,"ABS,塑化原料,電子元件代理商,電子通路,半導體化學品"
5489,彩富,上櫃其他電子,"工業電腦,安全監控"
5493,三聯,上櫃其他電子,"設備儀器商,量測儀器,半導體化學品"
5536,聖暉*,上櫃其他電子,"電子其他,廠務工程,水電消防工程,營造工程"
6146,耕興,上櫃其他電子,"檢測驗證服務,設備儀器商"
6151,晉倫,上櫃其他電子,"傳產其他,複合材料"
6512,啟發電,上櫃其他電子,"視訊轉換相關,消費性電子產品"
6613,朋億*,上櫃其他電子,"半導體製程設備,設備儀器商"
6654,天正國際,上櫃其他電子,設備儀器商
6667,信紘科,上櫃其他電子,"電子其他,設備儀器商,廠務工程"
6725,矽科宏晟,上櫃其他電子,"電子其他,設備儀器商,廠務工程"
6735,美達科技,上櫃其他電子,"IC檢測設備,設備儀器商"
6739,竹陞科技,上櫃其他電子,"軟體業,人工智慧,設備儀器商"
6840,東研信超,上櫃其他電子,"檢測驗證服務,設備儀器商"
6855,數泓科,上櫃其他電子,"手工具,產業機械"
6877,鏵友益,上櫃其他電子,"半導體製程設備,IC檢測設備,設備儀器商,面板設備"
6903,巨漢,上櫃其他電子,"電子其他,廠務工程"
6983,華洋精機,上櫃其他電子,"半導體製程設備,IC檢測設備,設備儀器商,面板設備"
7703,銳澤,上櫃其他電子,設備儀器商
7728,光焱科技,上櫃其他電子,"半導體製程設備,IC檢測設備,設備儀器商"
7792,安葆,上櫃其他電子,"UPS,電子零件元件,電機,重電設備,配電工程,電力設備"
7825,和亞智慧,上櫃其他電子,"系統整合,軟體業,設備儀器商,量測儀器"
8047,星雲,上櫃其他電子,設備儀器商
8085,福華,上櫃其他電子,"傳產其他,碳權相關,面板業,面板零組件,背光模組,LCM,其他電子零件,電子零件元件,週邊產品"
8092,建暐,上櫃其他電子,"設備儀器商,量測儀器,工具機,磨床"
8431,匯鑽科,上櫃其他電子,"機殼表面處理,電子零件元件"
8455,大拓-KY,上櫃其他電子,"電子元件代理商,電子通路,設備儀器商,電機,變頻器,電力設備"
1316,上曜,上市建材營造,"PU樹脂,化學工業,保險經紀,金融業,食品加工,保健食品,營建,地產"
1436,華友聯,上市建材營造,"營建,地產"
1438,三地開發,上市建材營造,"營建,地產"
1439,雋揚,上市建材營造,"資產股,營建,地產"
1442,名軒,上市建材營造,"營建,地產"
1453,大將,上市建材營造,"營建,地產,物業投資發展"
1456,怡華,上市建材營造,"營建,地產,物業投資發展"
1472,三洋實業,上市建材營造,"基礎建設,營造工程"
1805,寶徠,上市建材營造,"營建,地產"
1808,潤隆,上市建材營造,"營建,地產"
2442,新美齊,上市建材營造,"營建,地產"
2501,國建,上市建材營造,"營建,住宅建設,地產,營造工程"
2504,國產,上市建材營造,"水泥,預拌混凝土,資產股"
2505,國揚,上市建材營造,"營建,地產"
2506,太設,上市建材營造,"營建,地產"
2509,全坤建,上市建材營造,"營建,地產"
2511,太子,上市建材營造,"營建,地產,旅宿／餐飲,飯店"
2515,中工,上市建材營造,"配電工程,電力設備,住宅建設,基礎建設,營造工程"
2516,新建,上市建材營造,"住宅建設,基礎建設,營造工程"
2520,冠德,上市建材營造,"營建,住宅建設,地產,營造工程"
2524,京城,上市建材營造,"營建,地產"
2527,宏璟,上市建材營造,"營建,地產"
2528,皇普,上市建材營造,"營建,地產"
2530,華建,上市建材營造,"營建,地產"
2534,宏盛,上市建材營造,"營建,地產"
2535,達欣工,上市建材營造,"住宅建設,基礎建設,營造工程"
2536,宏普,上市建材營造,"營建,地產"
2537,聯上發,上市建材營造,"營建,地產"
2538,基泰,上市建材營造,"營建,地產"
2539,櫻花建,上市建材營造,"營建,地產"
2540,愛山林,上市建材營造,"房屋代銷,住宅建設,地產,營造工程"
2542,興富發,上市建材營造,"營建,地產"
2543,皇昌,上市建材營造,"基礎建設,營造工程"
2545,皇翔,上市建材營造,"營建,地產"
2546,根基,上市建材營造,"住宅建設,基礎建設,營造工程"
2547,日勝生,上市建材營造,"流通業,百貨業,營建,地產,物業投資發展"
2548,華固,上市建材營造,"營建,地產"
2597,潤弘,上市建材營造,"建材,住宅建設,基礎建設,營造工程"
2923,鼎固-KY,上市建材營造,"營建,地產,物業投資發展"
3052,夆典,上市建材營造,"營建,水電消防工程,地產,營造工程"
3056,富華新,上市建材營造,"控股公司,營建,地產"
3266,昇陽,上市建材營造,"營建,地產"
3703,欣陸,上市建材營造,"控股公司,營建,住宅建設,基礎建設,地產,營造工程,環保工程"
5515,建國,上市建材營造,"住宅建設,基礎建設,營造工程"
5519,隆大,上市建材營造,"營建,地產"
5521,工信,上市建材營造,"基礎建設,營造工程"
5522,遠雄,上市建材營造,"營建,地產"
5525,順天,上市建材營造,"營建,地產,物業投資發展"
5531,鄉林,上市建材營造,"營建,地產,旅宿／餐飲,飯店"
5533,皇鼎,上市建材營造,"營建,地產"
5534,長虹,上市建材營造,"營建,地產"
5546,永固-KY,上市建材營造,"水泥,預拌混凝土"
6177,達麗,上市建材營造,"營建,地產"
9906,欣巴巴,上市建材營造,"營建,地產"
9946,三發地產,上市建材營造,"營建,地產"
2596,綠意,上櫃建材營造,"營建,地產"
2718,全心投控,上櫃建材營造,"控股公司,營建,地產"
3188,鑫龍騰,上櫃建材營造,"營建,地產"
3313,斐成,上櫃建材營造,"營建,住宅建設,地產,營造工程"
3489,森寶,上櫃建材營造,"住宅建設,營造工程"
3512,皇龍,上櫃建材營造,"散熱模組,營建,地產"
3521,台鋼建設,上櫃建材營造,"營建,地產"
4113,聯上,上櫃建材營造,"營建,地產"
4416,三圓,上櫃建材營造,"營建,地產"
4907,富宇,上櫃建材營造,"營建,地產"
5206,坤悅,上櫃建材營造,"營建,地產"
5213,亞昕,上櫃建材營造,"營建,地產"
5324,士開,上櫃建材營造,"營建,地產,旅宿／餐飲,飯店,餐飲"
5455,昇益,上櫃建材營造,"營建,地產"
5508,永信建,上櫃建材營造,"營建,地產"
5511,德昌,上櫃建材營造,"住宅建設,基礎建設,營造工程"
5512,力麒,上櫃建材營造,"營建,地產,營造工程,環保工程,旅宿／餐飲,飯店"
5514,三豐,上櫃建材營造,"營建,地產,物業投資發展"
5516,雙喜,上櫃建材營造,"住宅建設,基礎建設,營造工程,工程顧問"
5520,力泰,上櫃建材營造,"水泥,預拌混凝土"
5523,豐謙,上櫃建材營造,"營建,地產"
5529,鉅陞,上櫃建材營造,"營建,地產"
5543,桓鼎-KY,上櫃建材營造,"建材,金屬建材,工業用電池,消費用電池,電池,其他營造工程,營造工程"
5547,久舜,上櫃建材營造,"住宅建設,營造工程"
5548,安倉,上櫃建材營造,"基礎建設,營造工程"
6171,大城地產,上櫃建材營造,"營建,地產"
6186,新潤,上櫃建材營造,"營建,地產"
6198,瑞築,上櫃建材營造,"營建,地產,物業投資發展"
6212,理銘,上櫃建材營造,"營建,地產"
6219,富旺,上櫃建材營造,"營建,地產"
6264,富裔,上櫃建材營造,"營建,地產"
8080,泰霖,上櫃建材營造,"營造工程,土石方工程商"
8424,惠普,上櫃建材營造,"建材,複合板"
2208,台船,上市航運業,造船業
2601,益航,上市航運業,"流通業,百貨業,散裝航運,運輸事業"
2603,長榮,上市航運業,"貨櫃航運,運輸事業"
2605,新興,上市航運業,"散裝航運,油輪,運輸事業"
2606,裕民,上市航運業,"散裝航運,油輪,運輸事業"
2607,榮運,上市航運業,"資產股,貨櫃場服務,陸運,海空運承攬業,運輸事業,物流業"
2608,嘉里大榮,上市航運業,"倉儲服務,陸運,運輸事業,物流業"
2609,陽明,上市航運業,"貨櫃航運,運輸事業"
2610,華航,上市航運業,"空運,運輸事業"
2611,志信,上市航運業,"陸運,運輸事業,營建,地產,旅宿／餐飲,飯店"
2612,中航,上市航運業,"倉儲服務,散裝航運,陸運,運輸事業,物流業"
2613,中櫃,上市航運業,"貨櫃場服務,運輸事業"
2615,萬海,上市航運業,"貨櫃航運,運輸事業"
2617,台航,上市航運業,"散裝航運,水上運輸,運輸事業"
2618,長榮航,上市航運業,"空運,運輸事業"
2630,亞航,上市航運業,"飛機維修,運輸事業"
2633,台灣高鐵,上市航運業,"鐵路運輸,運輸事業"
2634,漢翔,上市航運業,"航天軍工,飛機維修,運輸事業,機械零組件,飛機零件/製造"
2636,台驊控股,上市航運業,"海空運承攬業,運輸事業,物流業"
2637,慧洋-KY,上市航運業,"散裝航運,運輸事業"
2642,宅配通,上市航運業,"陸運,運輸事業,物流業"
2645,長榮航太,上市航運業,"航天軍工,航天機械零組件,飛機維修,運輸事業"
2646,星宇航空,上市航運業,"空運,運輸事業"
5607,遠雄港,上市航運業,"控股公司,貨櫃場服務,運輸事業,物流業,地產,物業投資發展"
5608,四維航,上市航運業,"散裝航運,運輸事業"
6753,龍德造船,上市航運業,造船業
6757,台灣虎航,上市航運業,"空運,運輸事業"
8367,建新國際,上市航運業,"貨櫃場服務,倉儲服務,陸運,運輸事業,物流業"
2641,正德,上櫃航運業,"散裝航運,運輸事業"
2643,捷迅,上櫃航運業,"陸運,海空運承攬業,運輸事業"
5601,台聯櫃,上櫃航運業,"貨櫃場服務,運輸事業"
5603,陸海,上櫃航運業,"加油站,其他公用事業,貨櫃場服務,陸運,運輸事業"
5609,中菲行,上櫃航運業,"海空運承攬業,運輸事業"
7716,昱臺國際,上櫃航運業,"海空運承攬業,運輸事業"
2701,萬企,上市觀光餐旅,"地產,物業投資發展,休閒娛樂,電影院／劇院"
2702,華園,上市觀光餐旅,"旅宿／餐飲,飯店"
2704,國賓,上市觀光餐旅,"旅宿／餐飲,飯店,餐飲"
2705,六福,上市觀光餐旅,"資產股,旅宿／餐飲,飯店,休閒娛樂,主題樂園"
2706,第一店,上市觀光餐旅,"地產,物業投資發展,旅宿／餐飲,飯店"
2707,晶華,上市觀光餐旅,"旅宿／餐飲,飯店"
2712,遠雄來,上市觀光餐旅,"旅宿／餐飲,飯店"
2722,夏都,上市觀光餐旅,"旅宿／餐飲,飯店"
2723,美食-KY,上市觀光餐旅,"食品加工,穀類烘焙製品,旅宿／餐飲,餐飲,休閒食品零售"
2727,王品,上市觀光餐旅,"旅宿／餐飲,餐飲"
2731,雄獅,上市觀光餐旅,"休閒娛樂,旅行社"
2739,寒舍,上市觀光餐旅,"旅宿／餐飲,飯店"
2748,雲品,上市觀光餐旅,"服務業,婚宴顧問,旅宿／餐飲,飯店"
2753,八方雲集,上市觀光餐旅,"旅宿／餐飲,餐飲"
5706,鳳凰,上市觀光餐旅,"休閒娛樂,旅行社"
7705,三商餐飲,上市觀光餐旅,"旅宿／餐飲,餐飲"
7760,享溫馨,上市觀光餐旅,"旅宿／餐飲,休閒娛樂,餐飲,KTV"
8940,新天地,上市觀光餐旅,"服務業,婚宴顧問,旅宿／餐飲,餐飲"
9943,好樂迪,上市觀光餐旅,"休閒娛樂,KTV"
1259,安心,上櫃觀光餐旅,"旅宿／餐飲,餐飲"
1268,漢來美食,上櫃觀光餐旅,"旅宿／餐飲,餐飲"
2719,燦星旅,上櫃觀光餐旅,"休閒娛樂,旅行社"
2726,雅茗-KY,上櫃觀光餐旅,"旅宿／餐飲,餐飲,連鎖飲料"
2729,瓦城,上櫃觀光餐旅,"旅宿／餐飲,餐飲"
2732,六角,上櫃觀光餐旅,"旅宿／餐飲,餐飲,連鎖飲料"
2734,易飛網,上櫃觀光餐旅,"Internet應用與服務,電商平台,休閒娛樂,旅行社"
2736,富野,上櫃觀光餐旅,"旅宿／餐飲,飯店"
2740,華軒,上櫃觀光餐旅,"旅宿／餐飲,餐飲"
2743,山富,上櫃觀光餐旅,"休閒娛樂,旅行社"
2745,五福,上櫃觀光餐旅,"休閒娛樂,旅行社"
2751,王座,上櫃觀光餐旅,"旅宿／餐飲,餐飲"
2752,豆府,上櫃觀光餐旅,"旅宿／餐飲,餐飲"
2754,亞洲藏壽司,上櫃觀光餐旅,"旅宿／餐飲,餐飲"
2755,揚秦,上櫃觀光餐旅,"旅宿／餐飲,餐飲"
2756,聯發國際,上櫃觀光餐旅,"旅宿／餐飲,餐飲,連鎖飲料"
3252,海灣,上櫃觀光餐旅,"旅宿／餐飲,飯店"
3522,御嵿,上櫃觀光餐旅,"服務業,婚宴顧問,旅宿／餐飲,餐飲"
4419,皇家美食,上櫃觀光餐旅,"旅宿／餐飲,餐飲"
4530,天意能創,上櫃觀光餐旅,"水資源,污水處理,水資源設備/耗材,汽車內裝,安全氣囊"
5301,寶得利,上櫃觀光餐旅,"時尚產業,珠寶"
5364,力麗店,上櫃觀光餐旅,"消費用電池,電池,太陽能,太陽能電池,旅宿／餐飲,飯店"
5701,劍湖山,上櫃觀光餐旅,"旅宿／餐飲,飯店,休閒娛樂,主題樂園"
5703,亞都,上櫃觀光餐旅,"旅宿／餐飲,飯店"
5704,老爺知,上櫃觀光餐旅,"旅宿／餐飲,飯店"
5905,南仁湖,上櫃觀光餐旅,"服務業,消費者服務,旅宿／餐飲,休閒娛樂,渡假山莊"
6961,旅天下,上櫃觀光餐旅,"休閒娛樂,旅行社"
7708,全家餐飲,上櫃觀光餐旅,"旅宿／餐飲,餐飲"
7723,築間,上櫃觀光餐旅,"旅宿／餐飲,餐飲"
7757,金色三麥,上櫃觀光餐旅,"啤酒,飲料相關,旅宿／餐飲,餐飲"
8077,洛碁,上櫃觀光餐旅,"旅宿／餐飲,飯店"
2801,彰銀,上市金融保險,"銀行,金融業"
2812,台中銀,上市金融保險,"銀行,金融業"
2816,旺旺保,上市金融保險,"產險,金融業"
2820,華票,上市金融保險,"票券,金融其他,金融業"
2832,台產,上市金融保險,"產險,金融業"
2834,臺企銀,上市金融保險,"銀行,金融業"
2836,高雄銀,上市金融保險,"銀行,金融業"
2838,聯邦銀,上市金融保險,"銀行,金融業"
2845,遠東銀,上市金融保險,"銀行,金融業"
2849,安泰銀,上市金融保險,"銀行,金融業"
2850,新產,上市金融保險,"產險,金融業"
